mod,def,variable,value
age_60,0.14,k_Q_1,0
age_60,0.14,k_Q_2,-0.33200318714186
age_60,0.14,k_Q_3,-0.104225722203813
age_60,0.14,k_Q_4,0.14997645483816
age_60,0.14,k_Q_5,0.425870528347458
age_60,0.14,k_Q_6,0.721114919575054
age_60,0.14,k_Q_7,1.03438411950546
age_60,0.14,k_Q_8,1.36486422608864
age_60,0.14,k_Q_9,1.71202377380153
age_60,0.14,k_Q_10,2.07549364251295
age_60,0.14,k_Q_11,1.98737984215192
age_60,0.14,k_Q_12,1.86257701512612
age_60,0.14,k_Q_13,1.69579735017819
age_60,0.14,k_Q_14,1.48113517980463
age_60,0.14,k_Q_15,1.21200048371833
age_60,0.14,k_Q_16,0.881045479457165
age_60,0.14,k_Q_17,0.480083589365514
age_60,0.14,c_Q_1,0.251205384951973
age_60,0.14,c_Q_2,0.266332610334766
age_60,0.14,c_Q_3,0.282311365352539
age_60,0.14,c_Q_4,0.299184513623358
age_60,0.14,c_Q_5,0.316996643516976
age_60,0.14,c_Q_6,0.33579409934274
age_60,0.14,c_Q_7,0.355625009196089
age_60,0.14,c_Q_8,0.37653930900036
age_60,0.14,c_Q_9,0.398588762244624
age_60,0.14,c_Q_10,0.421826974882656
age_60,0.14,c_Q_11,0.446309404793029
age_60,0.14,c_Q_12,0.472093365226612
age_60,0.14,c_Q_13,0.499238021513448
age_60,0.14,c_Q_14,0.527804380361889
age_60,0.14,c_Q_15,0.557855270979299
age_60,0.14,c_Q_16,0.589455317219721
age_60,0.14,c_Q_17,0.622670899920038
age_60,0.14,lab_Q_1,0
age_60,0.14,lab_Q_2,0.906291537919464
age_60,0.14,lab_Q_3,0.905950664013523
age_60,0.14,lab_Q_4,0.904959410631871
age_60,0.14,lab_Q_5,0.903651478705872
age_60,0.14,lab_Q_6,0.90217187656559
age_60,0.14,lab_Q_7,0.900598796505922
age_60,0.14,lab_Q_8,0.898981008748449
age_60,0.14,lab_Q_9,0.89735238078843
age_60,0.14,w_Q_1,0
age_60,0.14,w_Q_2,0.556954130369221
age_60,0.14,w_Q_3,0.578072839657352
age_60,0.14,w_Q_4,0.59305680235605
age_60,0.14,w_Q_5,0.604679266769113
age_60,0.14,w_Q_6,0.614175511644181
age_60,0.14,w_Q_7,0.622204472284047
age_60,0.14,w_Q_8,0.629159474342879
age_60,0.14,w_Q_9,0.635294220932312
age_60,0.14,beta_Q_2,0.989795918367347
age_60,0.14,beta_Q_3,0.989587671803415
age_60,0.14,beta_Q_4,0.989375175309607
age_60,0.14,beta_Q_5,0.989158342152661
age_60,0.14,beta_Q_6,0.988937083829246
age_60,0.14,beta_Q_7,0.988711310029842
age_60,0.14,beta_Q_8,0.98848092860188
age_60,0.14,beta_Q_9,0.988245845512122
age_60,0.14,beta_Q_10,0.988005964808288
age_60,0.14,beta_Q_11,0.987761188579886
age_60,0.14,beta_Q_12,0.987511416918251
age_60,0.14,beta_Q_13,0.987256547875766
age_60,0.14,beta_Q_14,0.986996477424251
age_60,0.14,beta_Q_15,0.986731099412501
age_60,0.14,beta_Q_16,0.986460305522961
age_60,0.14,beta_Q_17,0.986183985227511
age_60,0.14,h_Q_2,98
age_60,0.14,h_Q_3,96.04
age_60,0.14,h_Q_4,94.1192
age_60,0.14,h_Q_5,92.236816
age_60,0.14,h_Q_6,90.39207968
age_60,0.14,h_Q_7,88.5842380864
age_60,0.14,h_Q_8,86.812553324672
age_60,0.14,h_Q_9,85.0763022581786
age_60,0.14,h_Q_10,83.374776213015
age_60,0.14,h_Q_11,81.7072806887547
age_60,0.14,h_Q_12,80.0731350749796
age_60,0.14,h_Q_13,78.47167237348
age_60,0.14,h_Q_14,76.9022389260104
age_60,0.14,h_Q_15,75.3641941474902
age_60,0.14,h_Q_16,73.8569102645404
age_60,0.14,h_Q_17,72.3797720592496
age_60,0.14,lamda_Q_1,3.54389151894091
age_60,0.14,lamda_Q_2,3.34260474175926
age_60,0.14,lamda_Q_3,3.15341415989391
age_60,0.14,lamda_Q_4,2.97557067197915
age_60,0.14,lamda_Q_5,2.80837253592725
age_60,0.14,lamda_Q_6,2.65116233267474
age_60,0.14,lamda_Q_7,2.50332412655816
age_60,0.14,lamda_Q_8,2.36428080949525
age_60,0.14,lamda_Q_9,2.23349161698779
age_60,0.14,lamda_Q_10,2.11044980474795
age_60,0.14,lamda_Q_11,1.99468047548387
age_60,0.14,lamda_Q_12,1.88573854606568
age_60,0.14,lamda_Q_13,1.78320684593319
age_60,0.14,lamda_Q_14,1.68669433820567
age_60,0.14,lamda_Q_15,1.59583445551224
age_60,0.14,lamda_Q_16,1.51028354308424
age_60,0.14,lamda_Q_17,1.42971940213851
age_60,0.14,pen_Q_10,0.157225751132845
age_60,0.14,pen_Q_11,0.157225751132845
age_60,0.14,pen_Q_12,0.157225751132845
age_60,0.14,pen_Q_13,0.157225751132845
age_60,0.14,pen_Q_14,0.157225751132845
age_60,0.14,pen_Q_15,0.157225751132845
age_60,0.14,pen_Q_16,0.157225751132845
age_60,0.14,pen_Q_17,0.157225751132845
age_60,0.14,P_Q_1,0.538581149206332
age_60,0.14,P_Q_2,0.533085423194023
age_60,0.14,P_Q_3,0.527534762810911
age_60,0.14,P_Q_4,0.521929798437958
age_60,0.14,P_Q_5,0.516271214142962
age_60,0.14,P_Q_6,0.510559748979525
age_60,0.14,P_Q_7,0.504796198262054
age_60,0.14,P_Q_8,0.498981414812774
age_60,0.14,P_Q_9,0.493116310176484
age_60,0.14,P_Q_10,0.487201855798621
age_60,0.14,P_Q_11,0.481239084161972
age_60,0.14,P_Q_12,0.47522908987723
age_60,0.14,P_Q_13,0.469173030722336
age_60,0.14,P_Q_14,0.463072128625406
age_60,0.14,P_Q_15,0.456927670585834
age_60,0.14,P_Q_16,0.450741009527997
age_60,0.14,P_Q_17,0.444513565081791
age_60,0.14,welf_Q_1,-19.840286971372
age_60,0.14,welf_Q_2,-15.0616153789797
age_60,0.14,welf_Q_3,-13.8360934146376
age_60,0.14,welf_Q_4,-12.6236486645044
age_60,0.14,welf_Q_5,-11.4257617245841
age_60,0.14,welf_Q_6,-10.2430786827568
age_60,0.14,welf_Q_7,-9.07587254092562
age_60,0.14,welf_Q_8,-7.92421125365305
age_60,0.14,welf_Q_9,-6.78803304698701
age_60,0.14,welf_Q_10,-5.66718478695678
age_60,0.14,welf_Q_11,-4.86784961270352
age_60,0.14,welf_Q_12,-4.09350014487842
age_60,0.14,welf_Q_13,-3.34460286465844
age_60,0.14,welf_Q_14,-2.62164794703127
age_60,0.14,welf_Q_15,-1.92515123362812
age_60,0.14,welf_Q_16,-1.25565637390027
age_60,0.14,welf_Q_17,-0.613737149726076
age_60,0.14,L_Q,4.29426834016163
age_60,0.14,MPL_Q,0.703149468816229
age_60,0.14,penind_Q,0.459744778341981
age_60,0.14,pi_Q,0.538581149206332
age_60,0.14,k_NQ_1,0
age_60,0.14,k_NQ_2,0.102945474428043
age_60,0.14,k_NQ_3,0.235080393166818
age_60,0.14,k_NQ_4,0.38538169429368
age_60,0.14,k_NQ_5,0.549520434804993
age_60,0.14,k_NQ_6,0.725156873583283
age_60,0.14,k_NQ_7,0.910776629271218
age_60,0.14,k_NQ_8,1.10526138028206
age_60,0.14,k_NQ_9,1.30769166832171
age_60,0.14,k_NQ_10,1.51724146305809
age_60,0.14,k_NQ_11,1.45366941453065
age_60,0.14,k_NQ_12,1.36310895745119
age_60,0.14,k_NQ_13,1.24166348549406
age_60,0.14,k_NQ_14,1.08498086512903
age_60,0.14,k_NQ_15,0.888204403344774
age_60,0.14,k_NQ_16,0.645918718125186
age_60,0.14,k_NQ_17,0.352089987619827
age_60,0.14,c_NQ_1,0.185971687480864
age_60,0.14,c_NQ_2,0.197170633316199
age_60,0.14,c_NQ_3,0.208999981093518
age_60,0.14,c_NQ_4,0.221491463638832
age_60,0.14,c_NQ_5,0.234678090620412
age_60,0.14,c_NQ_6,0.248594171618811
age_60,0.14,c_NQ_7,0.263275336733336
age_60,0.14,c_NQ_8,0.278758554381206
age_60,0.14,c_NQ_9,0.295082145917906
age_60,0.14,c_NQ_10,0.312285796678513
age_60,0.14,c_NQ_11,0.330410563004465
age_60,0.14,c_NQ_12,0.349498874801811
age_60,0.14,c_NQ_13,0.369594533123668
age_60,0.14,c_NQ_14,0.390742702257525
age_60,0.14,c_NQ_15,0.41298989575473
age_60,0.14,c_NQ_16,0.436383955811968
age_60,0.14,c_NQ_17,0.460974025383883
age_60,0.14,lab_NQ_1,0.889812774989557
age_60,0.14,lab_NQ_2,0.893458594419573
age_60,0.14,lab_NQ_3,0.894074694756863
age_60,0.14,lab_NQ_4,0.893620992814564
age_60,0.14,lab_NQ_5,0.89264854739075
age_60,0.14,lab_NQ_6,0.891389734908763
age_60,0.14,lab_NQ_7,0.889966044470309
age_60,0.14,lab_NQ_8,0.888450717327612
age_60,0.14,lab_NQ_9,0.886892785228212
age_60,0.14,w_NQ_1,0.309472381038904
age_60,0.14,w_NQ_2,0.340116653664374
age_60,0.14,w_NQ_3,0.35804240401215
age_60,0.14,w_NQ_4,0.370760926289844
age_60,0.14,w_NQ_5,0.380626178595371
age_60,0.14,w_NQ_6,0.38868667663762
age_60,0.14,w_NQ_7,0.395501730626892
age_60,0.14,w_NQ_8,0.401405198915314
age_60,0.14,w_NQ_9,0.406612426985396
age_60,0.14,beta_NQ_2,0.989795918367347
age_60,0.14,beta_NQ_3,0.989587671803415
age_60,0.14,beta_NQ_4,0.989375175309607
age_60,0.14,beta_NQ_5,0.989158342152661
age_60,0.14,beta_NQ_6,0.988937083829246
age_60,0.14,beta_NQ_7,0.988711310029842
age_60,0.14,beta_NQ_8,0.98848092860188
age_60,0.14,beta_NQ_9,0.988245845512122
age_60,0.14,beta_NQ_10,0.988005964808288
age_60,0.14,beta_NQ_11,0.987761188579886
age_60,0.14,beta_NQ_12,0.987511416918251
age_60,0.14,beta_NQ_13,0.987256547875766
age_60,0.14,beta_NQ_14,0.986996477424251
age_60,0.14,beta_NQ_15,0.986731099412501
age_60,0.14,beta_NQ_16,0.986460305522961
age_60,0.14,beta_NQ_17,0.986183985227511
age_60,0.14,h_NQ_2,98
age_60,0.14,h_NQ_3,96.04
age_60,0.14,h_NQ_4,94.1192
age_60,0.14,h_NQ_5,92.236816
age_60,0.14,h_NQ_6,90.39207968
age_60,0.14,h_NQ_7,88.5842380864
age_60,0.14,h_NQ_8,86.812553324672
age_60,0.14,h_NQ_9,85.0763022581786
age_60,0.14,h_NQ_10,83.374776213015
age_60,0.14,h_NQ_11,81.7072806887547
age_60,0.14,h_NQ_12,80.0731350749796
age_60,0.14,h_NQ_13,78.47167237348
age_60,0.14,h_NQ_14,76.9022389260104
age_60,0.14,h_NQ_15,75.3641941474902
age_60,0.14,h_NQ_16,73.8569102645404
age_60,0.14,h_NQ_17,72.3797720592496
age_60,0.14,lamda_NQ_1,4.78699017692332
age_60,0.14,lamda_NQ_2,4.51509759547321
age_60,0.14,lamda_NQ_3,4.25954421755951
age_60,0.14,lamda_NQ_4,4.01931817801112
age_60,0.14,lamda_NQ_5,3.79347158323823
age_60,0.14,lamda_NQ_6,3.58111640994656
age_60,0.14,lamda_NQ_7,3.38142066945326
age_60,0.14,lamda_NQ_8,3.19360482028193
age_60,0.14,lamda_NQ_9,3.01693841284939
age_60,0.14,lamda_NQ_10,2.85073695111817
age_60,0.14,lamda_NQ_11,2.69435895707989
age_60,0.14,lamda_NQ_12,2.54720322486023
age_60,0.14,lamda_NQ_13,2.4087062521019
age_60,0.14,lamda_NQ_14,2.2783398370897
age_60,0.14,lamda_NQ_15,2.15560883083714
age_60,0.14,lamda_NQ_16,2.04004903405946
age_60,0.14,lamda_NQ_17,1.93122522961696
age_60,0.14,pen_NQ_10,0.116934184333396
age_60,0.14,pen_NQ_11,0.116934184333396
age_60,0.14,pen_NQ_12,0.116934184333396
age_60,0.14,pen_NQ_13,0.116934184333396
age_60,0.14,pen_NQ_14,0.116934184333396
age_60,0.14,pen_NQ_15,0.116934184333396
age_60,0.14,pen_NQ_16,0.116934184333396
age_60,0.14,pen_NQ_17,0.116934184333396
age_60,0.14,P_NQ_1,0.461418850793668
age_60,0.14,P_NQ_2,0.456710495173324
age_60,0.14,P_NQ_3,0.451955075606755
age_60,0.14,P_NQ_4,0.4471531321605
age_60,0.14,P_NQ_5,0.44230525089625
age_60,0.14,P_NQ_6,0.4374120649837
age_60,0.14,P_NQ_7,0.432474255792892
age_60,0.14,P_NQ_8,0.427492553962565
age_60,0.14,P_NQ_9,0.422467740440872
age_60,0.14,P_NQ_10,0.417400647494661
age_60,0.14,P_NQ_11,0.41229215968334
age_60,0.14,P_NQ_12,0.407143214793181
age_60,0.14,P_NQ_13,0.401954804727758
age_60,0.14,P_NQ_14,0.39672797635005
age_60,0.14,P_NQ_15,0.391463832271581
age_60,0.14,P_NQ_16,0.386163531583813
age_60,0.14,P_NQ_17,0.380828290526855
age_60,0.14,welf_NQ_1,-19.840286971372
age_60,0.14,welf_NQ_2,-18.4734208351803
age_60,0.14,welf_NQ_3,-17.1068046131647
age_60,0.14,welf_NQ_4,-15.7458800336777
age_60,0.14,welf_NQ_5,-14.3923971600267
age_60,0.14,welf_NQ_6,-13.0469823191501
age_60,0.14,welf_NQ_7,-11.7097557002299
age_60,0.14,welf_NQ_8,-10.380553792851
age_60,0.14,welf_NQ_9,-9.05902784238405
age_60,0.14,welf_NQ_10,-7.74469311109847
age_60,0.14,welf_NQ_11,-6.72233172120352
age_60,0.14,welf_NQ_12,-5.71561963801813
age_60,0.14,welf_NQ_13,-4.72449994909044
age_60,0.14,welf_NQ_14,-3.74890486716224
age_60,0.14,welf_NQ_15,-2.78875514023572
age_60,0.14,welf_NQ_16,-1.84395941955974
age_60,0.14,welf_NQ_17,-0.91441358164233
age_60,0.14,L_NQ,2.98015765702666
age_60,0.14,MPL_NQ,0.596839592003601
age_60,0.14,penind_NQ,0.341927962064947
age_60,0.14,pi_NQ,0.461418850793668
age_60,0.14,Kmig,0
age_60,0.14,y1,6.85455510548678
age_60,0.14,cCheck,1.86190129980446e-08
age_60,0.14,y,6.85455512410579
age_60,0.14,c,5.55984940095716
age_60,0.14,I,0.236937547773028
age_60,0.14,g,0.891092166133753
age_60,0.14,r,0.153578771723799
age_60,0.14,kbar,11.8468773886514
age_60,0.14,nbar,5.42175820194389
age_60,0.14,Ptot,15.546317331646
age_60,0.14,Pret,6.92207189181243
age_60,0.14,Tw,0.928973902235573
age_60,0.14,Deped,0.166675990622841
age_60,0.14,rd,0.153578771723799
age_60,0.14,H,797.736164317796
age_60,0.14,R,0.1735787717238
age_60,0.14,beq,0.0120669586955529
age_60,0.14,Tc,0.685455512410579
age_60,0.14,Tk,0.685455512410579
age_60,0.14,penbase,3.95550491979094
age_60,0.14,retire,0.959637717374811
age_60,0.14,Def,-0.315814251049895
age_60,0.14,D,2.05636653723174
age_60,0.14,lambc,3.85811492063323
age_60,0.14,Defratio,-0.0460736321076846
age_60,0.14,Dratio,0.3
age_60,0.14,Gratio,0.13
age_60,0.14,Penratio,0.14
age_60,0.14,Edratio,0.0194528733205961
age_60,0.14,Tkratio,0.1
age_60,0.14,Tcratio,0.1
age_60,0.14,Twratio,0.135526505428281
age_60,0.14,rhop,0.341984857361941
age_60,0.14,tauw,-0.0886274539844294
age_60,0.14,tauk,0.321019878322348
age_60,0.14,tauc,0.12328670518032
age_60,0.14,v,0.8
age_60,0.14,A,1
age_60,0.14,tauf,0.35
age_60,0.14,xpop,1
age_60,0.14,lambb,50
age_60,0.14,lambbb,-50
age_60,0.14,A_Q,2
age_60,0.14,h_Q_1,100
age_60,0.14,mig_Q_2,0
age_60,0.14,med_Q_2,0
age_60,0.14,mig_Q_3,0
age_60,0.14,med_Q_3,0
age_60,0.14,mig_Q_4,0
age_60,0.14,med_Q_4,0
age_60,0.14,mig_Q_5,0
age_60,0.14,med_Q_5,0
age_60,0.14,mig_Q_6,0
age_60,0.14,med_Q_6,0
age_60,0.14,mig_Q_7,0
age_60,0.14,med_Q_7,0
age_60,0.14,mig_Q_8,0
age_60,0.14,med_Q_8,0
age_60,0.14,mig_Q_9,0
age_60,0.14,med_Q_9,0
age_60,0.14,mig_Q_10,0
age_60,0.14,med_Q_10,0
age_60,0.14,mig_Q_11,0
age_60,0.14,med_Q_11,0
age_60,0.14,mig_Q_12,0
age_60,0.14,med_Q_12,0
age_60,0.14,mig_Q_13,0
age_60,0.14,med_Q_13,0
age_60,0.14,mig_Q_14,0
age_60,0.14,med_Q_14,0
age_60,0.14,mig_Q_15,0
age_60,0.14,med_Q_15,0
age_60,0.14,mig_Q_16,0
age_60,0.14,med_Q_16,0
age_60,0.14,mig_Q_17,0
age_60,0.14,med_Q_17,0
age_60,0.14,h_NQ_1,100
age_60,0.14,mig_NQ_2,0
age_60,0.14,med_NQ_2,0
age_60,0.14,mig_NQ_3,0
age_60,0.14,med_NQ_3,0
age_60,0.14,mig_NQ_4,0
age_60,0.14,med_NQ_4,0
age_60,0.14,mig_NQ_5,0
age_60,0.14,med_NQ_5,0
age_60,0.14,mig_NQ_6,0
age_60,0.14,med_NQ_6,0
age_60,0.14,mig_NQ_7,0
age_60,0.14,med_NQ_7,0
age_60,0.14,mig_NQ_8,0
age_60,0.14,med_NQ_8,0
age_60,0.14,mig_NQ_9,0
age_60,0.14,med_NQ_9,0
age_60,0.14,mig_NQ_10,0
age_60,0.14,med_NQ_10,0
age_60,0.14,mig_NQ_11,0
age_60,0.14,med_NQ_11,0
age_60,0.14,mig_NQ_12,0
age_60,0.14,med_NQ_12,0
age_60,0.14,mig_NQ_13,0
age_60,0.14,med_NQ_13,0
age_60,0.14,mig_NQ_14,0
age_60,0.14,med_NQ_14,0
age_60,0.14,mig_NQ_15,0
age_60,0.14,med_NQ_15,0
age_60,0.14,mig_NQ_16,0
age_60,0.14,med_NQ_16,0
age_60,0.14,mig_NQ_17,0
age_60,0.14,med_NQ_17,0
age_55,0.17,k_Q_1,0
age_55,0.17,k_Q_2,-0.313974200360718
age_55,0.17,k_Q_3,-0.0784307231469277
age_55,0.17,k_Q_4,0.185438739527667
age_55,0.17,k_Q_5,0.47342487963634
age_55,0.17,k_Q_6,0.78369793502746
age_55,0.17,k_Q_7,1.11547653624872
age_55,0.17,k_Q_8,1.46854331406906
age_55,0.17,k_Q_9,1.84302894014759
age_55,0.17,k_Q_10,1.78747714728693
age_55,0.17,k_Q_11,1.70490488419439
age_55,0.17,k_Q_12,1.59158773349554
age_55,0.17,k_Q_13,1.44338980245647
age_55,0.17,k_Q_14,1.25572190741707
age_55,0.17,k_Q_15,1.02349564673343
age_55,0.17,k_Q_16,0.741072961198704
age_55,0.17,k_Q_17,0.402210741614673
age_55,0.17,c_Q_1,0.233456361254918
age_55,0.17,c_Q_2,0.246402086585048
age_55,0.17,c_Q_3,0.260010967885779
age_55,0.17,c_Q_4,0.274312556462677
age_55,0.17,c_Q_5,0.289337361037078
age_55,0.17,c_Q_6,0.305116847968462
age_55,0.17,c_Q_7,0.321683438141226
age_55,0.17,c_Q_8,0.339070500183814
age_55,0.17,c_Q_9,0.357312339670048
age_55,0.17,c_Q_10,0.376444183934391
age_55,0.17,c_Q_11,0.396502162114812
age_55,0.17,c_Q_12,0.417523280019089
age_55,0.17,c_Q_13,0.439545389392989
age_55,0.17,c_Q_14,0.462607151151893
age_55,0.17,c_Q_15,0.486747992121319
age_55,0.17,c_Q_16,0.512008054816715
age_55,0.17,c_Q_17,0.538428139778989
age_55,0.17,lab_Q_1,0
age_55,0.17,lab_Q_2,0.911120717958516
age_55,0.17,lab_Q_3,0.911178155509446
age_55,0.17,lab_Q_4,0.910626060575264
age_55,0.17,lab_Q_5,0.909784151317284
age_55,0.17,lab_Q_6,0.908790735884979
age_55,0.17,lab_Q_7,0.907719661253906
age_55,0.17,lab_Q_8,0.906616229244523
age_55,0.17,w_Q_1,0
age_55,0.17,w_Q_2,0.567595183713015
age_55,0.17,w_Q_3,0.589117382803687
age_55,0.17,w_Q_4,0.604387626073233
age_55,0.17,w_Q_5,0.616232146948511
age_55,0.17,w_Q_6,0.625909825163905
age_55,0.17,w_Q_7,0.634092185507276
age_55,0.17,w_Q_8,0.641180068433451
age_55,0.17,beta_Q_2,0.989795918367347
age_55,0.17,beta_Q_3,0.989587671803415
age_55,0.17,beta_Q_4,0.989375175309607
age_55,0.17,beta_Q_5,0.989158342152661
age_55,0.17,beta_Q_6,0.988937083829246
age_55,0.17,beta_Q_7,0.988711310029842
age_55,0.17,beta_Q_8,0.98848092860188
age_55,0.17,beta_Q_9,0.988245845512122
age_55,0.17,beta_Q_10,0.988005964808288
age_55,0.17,beta_Q_11,0.987761188579886
age_55,0.17,beta_Q_12,0.987511416918251
age_55,0.17,beta_Q_13,0.987256547875766
age_55,0.17,beta_Q_14,0.986996477424251
age_55,0.17,beta_Q_15,0.986731099412501
age_55,0.17,beta_Q_16,0.986460305522961
age_55,0.17,beta_Q_17,0.986183985227511
age_55,0.17,h_Q_2,98
age_55,0.17,h_Q_3,96.04
age_55,0.17,h_Q_4,94.1192
age_55,0.17,h_Q_5,92.236816
age_55,0.17,h_Q_6,90.39207968
age_55,0.17,h_Q_7,88.5842380864
age_55,0.17,h_Q_8,86.812553324672
age_55,0.17,h_Q_9,85.0763022581786
age_55,0.17,h_Q_10,83.374776213015
age_55,0.17,h_Q_11,81.7072806887547
age_55,0.17,h_Q_12,80.0731350749796
age_55,0.17,h_Q_13,78.47167237348
age_55,0.17,h_Q_14,76.9022389260104
age_55,0.17,h_Q_15,75.3641941474902
age_55,0.17,h_Q_16,73.8569102645404
age_55,0.17,h_Q_17,72.3797720592496
age_55,0.17,lamda_Q_1,3.81103231388381
age_55,0.17,lamda_Q_2,3.6108043927765
age_55,0.17,lamda_Q_3,3.42181617902019
age_55,0.17,lamda_Q_4,3.24341600730495
age_55,0.17,lamda_Q_5,3.0749908461403
age_55,0.17,lamda_Q_6,2.91596397431588
age_55,0.17,lamda_Q_7,2.76579279856081
age_55,0.17,lamda_Q_8,2.62396680376162
age_55,0.17,lamda_Q_9,2.49000562763037
age_55,0.17,lamda_Q_10,2.36345725221303
age_55,0.17,lamda_Q_11,2.24389630509587
age_55,0.17,lamda_Q_12,2.13092246360695
age_55,0.17,lamda_Q_13,2.02415895572149
age_55,0.17,lamda_Q_14,1.92325115176623
age_55,0.17,lamda_Q_15,1.82786524138104
age_55,0.17,lamda_Q_16,1.73768699053586
age_55,0.17,lamda_Q_17,1.65242057372087
age_55,0.17,pen_Q_9,0.151926774905467
age_55,0.17,pen_Q_10,0.151926774905467
age_55,0.17,pen_Q_11,0.151926774905467
age_55,0.17,pen_Q_12,0.151926774905467
age_55,0.17,pen_Q_13,0.151926774905467
age_55,0.17,pen_Q_14,0.151926774905467
age_55,0.17,pen_Q_15,0.151926774905467
age_55,0.17,pen_Q_16,0.151926774905467
age_55,0.17,pen_Q_17,0.151926774905467
age_55,0.17,P_Q_1,0.538166648007743
age_55,0.17,P_Q_2,0.532675151599501
age_55,0.17,P_Q_3,0.527128763098881
age_55,0.17,P_Q_4,0.521528112401692
age_55,0.17,P_Q_5,0.515873883049264
age_55,0.17,P_Q_6,0.510166813526408
age_55,0.17,P_Q_7,0.504407698535446
age_55,0.17,P_Q_8,0.498597390242254
age_55,0.17,P_Q_9,0.492736799490094
age_55,0.17,P_Q_10,0.486826896976759
age_55,0.17,P_Q_11,0.480868714390421
age_55,0.17,P_Q_12,0.474863345499342
age_55,0.17,P_Q_13,0.468811947190418
age_55,0.17,P_Q_14,0.462715740451347
age_55,0.17,P_Q_15,0.456576011291027
age_55,0.17,P_Q_16,0.450394111592601
age_55,0.17,P_Q_17,0.444171459893395
age_55,0.17,welf_Q_1,-20.9765239162117
age_55,0.17,welf_Q_2,-16.211921592393
age_55,0.17,welf_Q_3,-14.9406508372169
age_55,0.17,welf_Q_4,-13.6750558014196
age_55,0.17,welf_Q_5,-12.4163357167422
age_55,0.17,welf_Q_6,-11.1648203382415
age_55,0.17,welf_Q_7,-9.92043937213742
age_55,0.17,welf_Q_8,-8.68289240670661
age_55,0.17,welf_Q_9,-7.45172416074003
age_55,0.17,welf_Q_10,-6.55551280603579
age_55,0.17,welf_Q_11,-5.67619911978924
age_55,0.17,welf_Q_12,-4.81385569549148
age_55,0.17,welf_Q_13,-3.96855319117236
age_55,0.17,welf_Q_14,-3.14036038552096
age_55,0.17,welf_Q_15,-2.32934424447169
age_55,0.17,welf_Q_16,-1.53556999911703
age_55,0.17,welf_Q_17,-0.759101235884521
age_55,0.17,L_Q,3.77737057652279
age_55,0.17,MPL_Q,0.716583700826276
age_55,0.17,penind_Q,0.445911415346809
age_55,0.17,pi_Q,0.538166648007743
age_55,0.17,k_NQ_1,0
age_55,0.17,k_NQ_2,0.104619051024938
age_55,0.17,k_NQ_3,0.238782214610966
age_55,0.17,k_NQ_4,0.392069368496028
age_55,0.17,k_NQ_5,0.5605569917207
age_55,0.17,k_NQ_6,0.742281755427059
age_55,0.17,k_NQ_7,0.936120609444671
age_55,0.17,k_NQ_8,1.14138052447598
age_55,0.17,k_NQ_9,1.35761302786711
age_55,0.17,k_NQ_10,1.3172362370463
age_55,0.17,k_NQ_11,1.25686446914929
age_55,0.17,k_NQ_12,1.1737381636821
age_55,0.17,k_NQ_13,1.06479278142555
age_55,0.17,k_NQ_14,0.926627809350203
age_55,0.17,k_NQ_15,0.755472718046001
age_55,0.17,k_NQ_16,0.54714957443384
age_55,0.17,k_NQ_17,0.297031983401625
age_55,0.17,c_NQ_1,0.173544599401378
age_55,0.17,c_NQ_2,0.183168071234133
age_55,0.17,c_NQ_3,0.193284513730234
age_55,0.17,c_NQ_4,0.203915894461989
age_55,0.17,c_NQ_5,0.215084892716475
age_55,0.17,c_NQ_6,0.226814899660854
age_55,0.17,c_NQ_7,0.239130016028088
age_55,0.17,c_NQ_8,0.252055047076235
age_55,0.17,c_NQ_9,0.265615494561033
age_55,0.17,c_NQ_10,0.279837545448009
age_55,0.17,c_NQ_11,0.294748057076917
age_55,0.17,c_NQ_12,0.310374538478074
age_55,0.17,c_NQ_13,0.326745127527213
age_55,0.17,c_NQ_14,0.343888563612926
age_55,0.17,c_NQ_15,0.361834155478817
age_55,0.17,c_NQ_16,0.38061174389124
age_55,0.17,c_NQ_17,0.400251658773188
age_55,0.17,lab_NQ_1,0.894299921610439
age_55,0.17,lab_NQ_2,0.89823182171673
age_55,0.17,lab_NQ_3,0.899252186514011
age_55,0.17,lab_NQ_4,0.899253593358671
age_55,0.17,lab_NQ_5,0.898768059302253
age_55,0.17,lab_NQ_6,0.89801930792064
age_55,0.17,lab_NQ_7,0.89712351546406
age_55,0.17,lab_NQ_8,0.896149877460344
age_55,0.17,w_NQ_1,0.313343649717793
age_55,0.17,w_NQ_2,0.344371259338971
age_55,0.17,w_NQ_3,0.362521247454376
age_55,0.17,w_NQ_4,0.37539886896015
age_55,0.17,w_NQ_5,0.385387528214405
age_55,0.17,w_NQ_6,0.393548857075555
age_55,0.17,w_NQ_7,0.400449162307491
age_55,0.17,w_NQ_8,0.406426478581329
age_55,0.17,beta_NQ_2,0.989795918367347
age_55,0.17,beta_NQ_3,0.989587671803415
age_55,0.17,beta_NQ_4,0.989375175309607
age_55,0.17,beta_NQ_5,0.989158342152661
age_55,0.17,beta_NQ_6,0.988937083829246
age_55,0.17,beta_NQ_7,0.988711310029842
age_55,0.17,beta_NQ_8,0.98848092860188
age_55,0.17,beta_NQ_9,0.988245845512122
age_55,0.17,beta_NQ_10,0.988005964808288
age_55,0.17,beta_NQ_11,0.987761188579886
age_55,0.17,beta_NQ_12,0.987511416918251
age_55,0.17,beta_NQ_13,0.987256547875766
age_55,0.17,beta_NQ_14,0.986996477424251
age_55,0.17,beta_NQ_15,0.986731099412501
age_55,0.17,beta_NQ_16,0.986460305522961
age_55,0.17,beta_NQ_17,0.986183985227511
age_55,0.17,h_NQ_2,98
age_55,0.17,h_NQ_3,96.04
age_55,0.17,h_NQ_4,94.1192
age_55,0.17,h_NQ_5,92.236816
age_55,0.17,h_NQ_6,90.39207968
age_55,0.17,h_NQ_7,88.5842380864
age_55,0.17,h_NQ_8,86.812553324672
age_55,0.17,h_NQ_9,85.0763022581786
age_55,0.17,h_NQ_10,83.374776213015
age_55,0.17,h_NQ_11,81.7072806887547
age_55,0.17,h_NQ_12,80.0731350749796
age_55,0.17,h_NQ_13,78.47167237348
age_55,0.17,h_NQ_14,76.9022389260104
age_55,0.17,h_NQ_15,75.3641941474902
age_55,0.17,h_NQ_16,73.8569102645404
age_55,0.17,h_NQ_17,72.3797720592496
age_55,0.17,lamda_NQ_1,5.12669215684511
age_55,0.17,lamda_NQ_2,4.85734075064892
age_55,0.17,lamda_NQ_3,4.60310926860395
age_55,0.17,lamda_NQ_4,4.36312107489128
age_55,0.17,lamda_NQ_5,4.13655150483337
age_55,0.17,lamda_NQ_6,3.92262473921317
age_55,0.17,lamda_NQ_7,3.72061086853708
age_55,0.17,lamda_NQ_8,3.52982313561898
age_55,0.17,lamda_NQ_9,3.34961534557747
age_55,0.17,lamda_NQ_10,3.17937943300957
age_55,0.17,lamda_NQ_11,3.01854317673277
age_55,0.17,lamda_NQ_12,2.86656805307859
age_55,0.17,lamda_NQ_13,2.72294721927443
age_55,0.17,lamda_NQ_14,2.58720361897053
age_55,0.17,lamda_NQ_15,2.45888820245695
age_55,0.17,lamda_NQ_16,2.33757825457292
age_55,0.17,lamda_NQ_17,2.22287582374096
age_55,0.17,pen_NQ_9,0.112246003804148
age_55,0.17,pen_NQ_10,0.112246003804148
age_55,0.17,pen_NQ_11,0.112246003804148
age_55,0.17,pen_NQ_12,0.112246003804148
age_55,0.17,pen_NQ_13,0.112246003804148
age_55,0.17,pen_NQ_14,0.112246003804148
age_55,0.17,pen_NQ_15,0.112246003804148
age_55,0.17,pen_NQ_16,0.112246003804148
age_55,0.17,pen_NQ_17,0.112246003804148
age_55,0.17,P_NQ_1,0.461833351992257
age_55,0.17,P_NQ_2,0.457120766767846
age_55,0.17,P_NQ_3,0.452361075318785
age_55,0.17,P_NQ_4,0.447554818196765
age_55,0.17,P_NQ_5,0.442702581989948
age_55,0.17,P_NQ_6,0.437805000436816
age_55,0.17,P_NQ_7,0.4328627555195
age_55,0.17,P_NQ_8,0.427876578533084
age_55,0.17,P_NQ_9,0.422847251127262
age_55,0.17,P_NQ_10,0.417775606316523
age_55,0.17,P_NQ_11,0.412662529454891
age_55,0.17,P_NQ_12,0.407508959171069
age_55,0.17,P_NQ_13,0.402315888259676
age_55,0.17,P_NQ_14,0.397084364524109
age_55,0.17,P_NQ_15,0.391815491566389
age_55,0.17,P_NQ_16,0.386510429519209
age_55,0.17,P_NQ_17,0.38117039571525
age_55,0.17,welf_NQ_1,-20.9765239162117
age_55,0.17,welf_NQ_2,-19.5756140962112
age_55,0.17,welf_NQ_3,-18.1679406385203
age_55,0.17,welf_NQ_4,-16.7587556280959
age_55,0.17,welf_NQ_5,-15.3495403958571
age_55,0.17,welf_NQ_6,-13.940616783064
age_55,0.17,welf_NQ_7,-12.5317737730949
age_55,0.17,welf_NQ_8,-11.1224921633068
age_55,0.17,welf_NQ_9,-9.71204310925713
age_55,0.17,welf_NQ_10,-8.604582619486
age_55,0.17,welf_NQ_11,-7.50529567209876
age_55,0.17,welf_NQ_12,-6.41377038974547
age_55,0.17,welf_NQ_13,-5.32956120151849
age_55,0.17,welf_NQ_14,-4.252186561824
age_55,0.17,welf_NQ_15,-3.18112648922976
age_55,0.17,welf_NQ_16,-2.11581990909895
age_55,0.17,welf_NQ_17,-1.0556617822338
age_55,0.17,L_NQ,2.65570723330866
age_55,0.17,MPL_NQ,0.604305610170029
age_55,0.17,penind_NQ,0.329446698604039
age_55,0.17,pi_NQ,0.461833351992257
age_55,0.17,Kmig,0
age_55,0.17,y1,6.1595156677355
age_55,0.17,cCheck,-2.66551225536205e-10
age_55,0.17,y,6.15951566746895
age_55,0.17,c,4.96887113651642
age_55,0.17,I,0.221276392805937
age_55,0.17,g,0.800737036770963
age_55,0.17,r,0.147017789338787
age_55,0.17,kbar,11.0638196402968
age_55,0.17,nbar,4.79220919907811
age_55,0.17,Ptot,15.546317331646
age_55,0.17,Pret,7.83765594242978
age_55,0.17,Tw,1.02252396123556
age_55,0.17,Deped,0.168631101642175
age_55,0.17,rd,0.147017789338787
age_55,0.17,H,719.841658884706
age_55,0.17,R,0.167017789338787
age_55,0.17,beq,0.0110906253424317
age_55,0.17,Tc,0.615951566746895
age_55,0.17,Tk,0.615951566746895
age_55,0.17,penbase,3.33982557528456
age_55,0.17,retire,1.04711766346972
age_55,0.17,Def,-0.271667513174921
age_55,0.17,D,1.84785470024068
age_55,0.17,lambc,3.81666480077431
age_55,0.17,Defratio,-0.0441053368221326
age_55,0.17,Dratio,0.3
age_55,0.17,Gratio,0.13
age_55,0.17,Penratio,0.17
age_55,0.17,Edratio,0.0219018651135561
age_55,0.17,Tkratio,0.1
age_55,0.17,Tcratio,0.1
age_55,0.17,Twratio,0.166007201935689
age_55,0.17,rhop,0.340710665060786
age_55,0.17,tauw,-0.0298432534986218
age_55,0.17,tauk,0.324484616257707
age_55,0.17,tauc,0.123962073034523
age_55,0.17,v,0.8
age_55,0.17,A,1
age_55,0.17,tauf,0.35
age_55,0.17,xpop,1
age_55,0.17,lambb,50
age_55,0.17,lambbb,-50
age_55,0.17,A_Q,2
age_55,0.17,h_Q_1,100
age_55,0.17,mig_Q_2,0
age_55,0.17,med_Q_2,0
age_55,0.17,mig_Q_3,0
age_55,0.17,med_Q_3,0
age_55,0.17,mig_Q_4,0
age_55,0.17,med_Q_4,0
age_55,0.17,mig_Q_5,0
age_55,0.17,med_Q_5,0
age_55,0.17,mig_Q_6,0
age_55,0.17,med_Q_6,0
age_55,0.17,mig_Q_7,0
age_55,0.17,med_Q_7,0
age_55,0.17,mig_Q_8,0
age_55,0.17,med_Q_8,0
age_55,0.17,mig_Q_9,0
age_55,0.17,med_Q_9,0
age_55,0.17,mig_Q_10,0
age_55,0.17,med_Q_10,0
age_55,0.17,mig_Q_11,0
age_55,0.17,med_Q_11,0
age_55,0.17,mig_Q_12,0
age_55,0.17,med_Q_12,0
age_55,0.17,mig_Q_13,0
age_55,0.17,med_Q_13,0
age_55,0.17,mig_Q_14,0
age_55,0.17,med_Q_14,0
age_55,0.17,mig_Q_15,0
age_55,0.17,med_Q_15,0
age_55,0.17,mig_Q_16,0
age_55,0.17,med_Q_16,0
age_55,0.17,mig_Q_17,0
age_55,0.17,med_Q_17,0
age_55,0.17,h_NQ_1,100
age_55,0.17,mig_NQ_2,0
age_55,0.17,med_NQ_2,0
age_55,0.17,mig_NQ_3,0
age_55,0.17,med_NQ_3,0
age_55,0.17,mig_NQ_4,0
age_55,0.17,med_NQ_4,0
age_55,0.17,mig_NQ_5,0
age_55,0.17,med_NQ_5,0
age_55,0.17,mig_NQ_6,0
age_55,0.17,med_NQ_6,0
age_55,0.17,mig_NQ_7,0
age_55,0.17,med_NQ_7,0
age_55,0.17,mig_NQ_8,0
age_55,0.17,med_NQ_8,0
age_55,0.17,mig_NQ_9,0
age_55,0.17,med_NQ_9,0
age_55,0.17,mig_NQ_10,0
age_55,0.17,med_NQ_10,0
age_55,0.17,mig_NQ_11,0
age_55,0.17,med_NQ_11,0
age_55,0.17,mig_NQ_12,0
age_55,0.17,med_NQ_12,0
age_55,0.17,mig_NQ_13,0
age_55,0.17,med_NQ_13,0
age_55,0.17,mig_NQ_14,0
age_55,0.17,med_NQ_14,0
age_55,0.17,mig_NQ_15,0
age_55,0.17,med_NQ_15,0
age_55,0.17,mig_NQ_16,0
age_55,0.17,med_NQ_16,0
age_55,0.17,mig_NQ_17,0
age_55,0.17,med_NQ_17,0
age_65,0.12,k_Q_1,0
age_65,0.12,k_Q_2,-0.336998532006352
age_65,0.12,k_Q_3,-0.118609937857537
age_65,0.12,k_Q_4,0.123837003192396
age_65,0.12,k_Q_5,0.38516100864043
age_65,0.12,k_Q_6,0.662483621030712
age_65,0.12,k_Q_7,0.95384819741983
age_65,0.12,k_Q_8,1.2577062254162
age_65,0.12,k_Q_9,1.57267652633924
age_65,0.12,k_Q_10,1.89741143739419
age_65,0.12,k_Q_11,2.20122484503508
age_65,0.12,k_Q_12,2.07833372383051
age_65,0.12,k_Q_13,1.9060934360761
age_65,0.12,k_Q_14,1.67684132571076
age_65,0.12,k_Q_15,1.38194356970604
age_65,0.12,k_Q_16,1.01168184037505
age_65,0.12,k_Q_17,0.555127226212152
age_65,0.12,c_Q_1,0.257441004282961
age_65,0.12,c_Q_2,0.274777847324315
age_65,0.12,c_Q_3,0.293220500297453
age_65,0.12,c_Q_4,0.312833804896845
age_65,0.12,c_Q_5,0.33368588188195
age_65,0.12,c_Q_6,0.355848248208908
age_65,0.12,c_Q_7,0.379395933508529
age_65,0.12,c_Q_8,0.404407595282333
age_65,0.12,c_Q_9,0.430965632118526
age_65,0.12,c_Q_10,0.459156294155451
age_65,0.12,c_Q_11,0.489069789941137
age_65,0.12,c_Q_12,0.520800388754018
age_65,0.12,c_Q_13,0.55444651736187
age_65,0.12,c_Q_14,0.590110850103353
age_65,0.12,c_Q_15,0.627900391079553
age_65,0.12,c_Q_16,0.667926547141645
age_65,0.12,c_Q_17,0.710305190255462
age_65,0.12,lab_Q_1,0
age_65,0.12,lab_Q_2,0.90288659185179
age_65,0.12,lab_Q_3,0.902008943862247
age_65,0.12,lab_Q_4,0.900445231267235
age_65,0.12,lab_Q_5,0.898536876526645
age_65,0.12,lab_Q_6,0.896433135934171
age_65,0.12,lab_Q_7,0.894215563841521
age_65,0.12,lab_Q_8,0.891936158958804
age_65,0.12,lab_Q_9,0.88963215297278
age_65,0.12,lab_Q_10,0.883958732671783
age_65,0.12,w_Q_1,0
age_65,0.12,w_Q_2,0.543257561330687
age_65,0.12,w_Q_3,0.563856921099715
age_65,0.12,w_Q_4,0.578472399450451
age_65,0.12,w_Q_5,0.589809045198114
age_65,0.12,w_Q_6,0.59907175921948
age_65,0.12,w_Q_7,0.606903272335905
age_65,0.12,w_Q_8,0.613687237570216
age_65,0.12,w_Q_9,0.619671118988508
age_65,0.12,w_Q_10,0.597963990520635
age_65,0.12,beta_Q_2,0.989795918367347
age_65,0.12,beta_Q_3,0.989587671803415
age_65,0.12,beta_Q_4,0.989375175309607
age_65,0.12,beta_Q_5,0.989158342152661
age_65,0.12,beta_Q_6,0.988937083829246
age_65,0.12,beta_Q_7,0.988711310029842
age_65,0.12,beta_Q_8,0.98848092860188
age_65,0.12,beta_Q_9,0.988245845512122
age_65,0.12,beta_Q_10,0.988005964808288
age_65,0.12,beta_Q_11,0.987761188579886
age_65,0.12,beta_Q_12,0.987511416918251
age_65,0.12,beta_Q_13,0.987256547875766
age_65,0.12,beta_Q_14,0.986996477424251
age_65,0.12,beta_Q_15,0.986731099412501
age_65,0.12,beta_Q_16,0.986460305522961
age_65,0.12,beta_Q_17,0.986183985227511
age_65,0.12,h_Q_2,98
age_65,0.12,h_Q_3,96.04
age_65,0.12,h_Q_4,94.1192
age_65,0.12,h_Q_5,92.236816
age_65,0.12,h_Q_6,90.39207968
age_65,0.12,h_Q_7,88.5842380864
age_65,0.12,h_Q_8,86.812553324672
age_65,0.12,h_Q_9,85.0763022581786
age_65,0.12,h_Q_10,83.374776213015
age_65,0.12,h_Q_11,81.7072806887547
age_65,0.12,h_Q_12,80.0731350749796
age_65,0.12,h_Q_13,78.47167237348
age_65,0.12,h_Q_14,76.9022389260104
age_65,0.12,h_Q_15,75.3641941474902
age_65,0.12,h_Q_16,73.8569102645404
age_65,0.12,h_Q_17,72.3797720592496
age_65,0.12,lamda_Q_1,3.45999617869022
age_65,0.12,lamda_Q_2,3.241691059636
age_65,0.12,lamda_Q_3,3.03779882427609
age_65,0.12,lamda_Q_4,2.84734218973204
age_65,0.12,lamda_Q_5,2.66941138184623
age_65,0.12,lamda_Q_6,2.50315941005835
age_65,0.12,lamda_Q_7,2.34779767621484
age_65,0.12,lamda_Q_8,2.20259189354379
age_65,0.12,lamda_Q_9,2.06685829372838
age_65,0.12,lamda_Q_10,1.93996010159039
age_65,0.12,lamda_Q_11,1.8213042583604
age_65,0.12,lamda_Q_12,1.71033837587133
age_65,0.12,lamda_Q_13,1.60654790527392
age_65,0.12,lamda_Q_14,1.50945350504483
age_65,0.12,lamda_Q_15,1.41860859414552
age_65,0.12,lamda_Q_16,1.33359707719946
age_65,0.12,lamda_Q_17,1.25403122949283
age_65,0.12,pen_Q_11,0.167667197703246
age_65,0.12,pen_Q_12,0.167667197703246
age_65,0.12,pen_Q_13,0.167667197703246
age_65,0.12,pen_Q_14,0.167667197703246
age_65,0.12,pen_Q_15,0.167667197703246
age_65,0.12,pen_Q_16,0.167667197703246
age_65,0.12,pen_Q_17,0.167667197703246
age_65,0.12,P_Q_1,0.5387021369082
age_65,0.12,P_Q_2,0.533205176327504
age_65,0.12,P_Q_3,0.527653269035464
age_65,0.12,P_Q_4,0.522047045554649
age_65,0.12,P_Q_5,0.516387190106532
age_65,0.12,P_Q_6,0.510674441910732
age_65,0.12,P_Q_7,0.504909596460318
age_65,0.12,P_Q_8,0.499093506769096
age_65,0.12,P_Q_9,0.493227084586635
age_65,0.12,P_Q_10,0.487311301576598
age_65,0.12,P_Q_11,0.481347190453711
age_65,0.12,P_Q_12,0.475335846074563
age_65,0.12,P_Q_13,0.46927842647718
age_65,0.12,P_Q_14,0.463176153864172
age_65,0.12,P_Q_15,0.457030315524049
age_65,0.12,P_Q_16,0.450842264685108
age_65,0.12,P_Q_17,0.444613421296156
age_65,0.12,welf_Q_1,-19.0737842824374
age_65,0.12,welf_Q_2,-14.2761970230317
age_65,0.12,welf_Q_3,-13.0588121463673
age_65,0.12,welf_Q_4,-11.8628945251525
age_65,0.12,welf_Q_5,-10.6902334448613
age_65,0.12,welf_Q_6,-9.54181078887134
age_65,0.12,welf_Q_7,-8.41825943863058
age_65,0.12,welf_Q_8,-7.32003131786379
age_65,0.12,welf_Q_9,-6.24747369746605
age_65,0.12,welf_Q_10,-5.20086900289447
age_65,0.12,welf_Q_11,-4.18683292345908
age_65,0.12,welf_Q_12,-3.47805749815824
age_65,0.12,welf_Q_13,-2.80446961032346
age_65,0.12,welf_Q_14,-2.16702920021417
age_65,0.12,welf_Q_15,-1.56675229907643
age_65,0.12,welf_Q_16,-1.0047154589631
age_65,0.12,welf_Q_17,-0.482060555870206
age_65,0.12,L_Q,4.77604247081803
age_65,0.12,MPL_Q,0.685857676334745
age_65,0.12,penind_Q,0.461298823904685
age_65,0.12,pi_Q,0.5387021369082
age_65,0.12,k_NQ_1,0
age_65,0.12,k_NQ_2,0.101393871316947
age_65,0.12,k_NQ_3,0.230851898591541
age_65,0.12,k_NQ_4,0.37706313145699
age_65,0.12,k_NQ_5,0.535369060779087
age_65,0.12,k_NQ_6,0.703041258439112
age_65,0.12,k_NQ_7,0.878108845237012
age_65,0.12,k_NQ_8,1.0589206012608
age_65,0.12,k_NQ_9,1.24393814286401
age_65,0.12,k_NQ_10,1.43161953976738
age_65,0.12,k_NQ_11,1.60555002357545
age_65,0.12,k_NQ_12,1.51689592486702
age_65,0.12,k_NQ_13,1.39201033532197
age_65,0.12,k_NQ_14,1.22525684386489
age_65,0.12,k_NQ_15,1.01028427082348
age_65,0.12,k_NQ_16,0.739943237409608
age_65,0.12,k_NQ_17,0.406193355662732
age_65,0.12,c_NQ_1,0.190277779021387
age_65,0.12,c_NQ_2,0.20309165068235
age_65,0.12,c_NQ_3,0.216722839920307
age_65,0.12,c_NQ_4,0.231219272020689
age_65,0.12,c_NQ_5,0.246631295865762
age_65,0.12,c_NQ_6,0.263011770508086
age_65,0.12,c_NQ_7,0.280416151260816
age_65,0.12,c_NQ_8,0.298902574840495
age_65,0.12,c_NQ_9,0.31853194304636
age_65,0.12,c_NQ_10,0.339368004405225
age_65,0.12,c_NQ_11,0.361477433152669
age_65,0.12,c_NQ_12,0.384929904859529
age_65,0.12,c_NQ_13,0.409798167947608
age_65,0.12,c_NQ_14,0.436158110270036
age_65,0.12,c_NQ_15,0.46408881986004
age_65,0.12,c_NQ_16,0.493672638877014
age_65,0.12,c_NQ_17,0.524995209700931
age_65,0.12,lab_NQ_1,0.886839441837373
age_65,0.12,lab_NQ_2,0.889993822228535
age_65,0.12,lab_NQ_3,0.890041527771326
age_65,0.12,lab_NQ_4,0.888978485293766
age_65,0.12,lab_NQ_5,0.887366036196754
age_65,0.12,lab_NQ_6,0.885441782872508
age_65,0.12,lab_NQ_7,0.883331093497013
age_65,0.12,lab_NQ_8,0.881110794800261
age_65,0.12,lab_NQ_9,0.878833582541654
age_65,0.12,lab_NQ_10,0.873653014630572
age_65,0.12,w_NQ_1,0.30304234091955
age_65,0.12,w_NQ_2,0.333049904376503
age_65,0.12,w_NQ_3,0.350603203736831
age_65,0.12,w_NQ_4,0.363057467833456
age_65,0.12,w_NQ_5,0.372717745569365
age_65,0.12,w_NQ_6,0.380610767193784
age_65,0.12,w_NQ_7,0.387284221889383
age_65,0.12,w_NQ_8,0.393065031290409
age_65,0.12,w_NQ_9,0.398164066554112
age_65,0.12,w_NQ_10,0.389006404356345
age_65,0.12,beta_NQ_2,0.989795918367347
age_65,0.12,beta_NQ_3,0.989587671803415
age_65,0.12,beta_NQ_4,0.989375175309607
age_65,0.12,beta_NQ_5,0.989158342152661
age_65,0.12,beta_NQ_6,0.988937083829246
age_65,0.12,beta_NQ_7,0.988711310029842
age_65,0.12,beta_NQ_8,0.98848092860188
age_65,0.12,beta_NQ_9,0.988245845512122
age_65,0.12,beta_NQ_10,0.988005964808288
age_65,0.12,beta_NQ_11,0.987761188579886
age_65,0.12,beta_NQ_12,0.987511416918251
age_65,0.12,beta_NQ_13,0.987256547875766
age_65,0.12,beta_NQ_14,0.986996477424251
age_65,0.12,beta_NQ_15,0.986731099412501
age_65,0.12,beta_NQ_16,0.986460305522961
age_65,0.12,beta_NQ_17,0.986183985227511
age_65,0.12,h_NQ_2,98
age_65,0.12,h_NQ_3,96.04
age_65,0.12,h_NQ_4,94.1192
age_65,0.12,h_NQ_5,92.236816
age_65,0.12,h_NQ_6,90.39207968
age_65,0.12,h_NQ_7,88.5842380864
age_65,0.12,h_NQ_8,86.812553324672
age_65,0.12,h_NQ_9,85.0763022581786
age_65,0.12,h_NQ_10,83.374776213015
age_65,0.12,h_NQ_11,81.7072806887547
age_65,0.12,h_NQ_12,80.0731350749796
age_65,0.12,h_NQ_13,78.47167237348
age_65,0.12,h_NQ_14,76.9022389260104
age_65,0.12,h_NQ_15,75.3641941474902
age_65,0.12,h_NQ_16,73.8569102645404
age_65,0.12,h_NQ_17,72.3797720592496
age_65,0.12,lamda_NQ_1,4.68128698809913
age_65,0.12,lamda_NQ_2,4.38592570430406
age_65,0.12,lamda_NQ_3,4.11006468623607
age_65,0.12,lamda_NQ_4,3.85238169497168
age_65,0.12,lamda_NQ_5,3.61164582917279
age_65,0.12,lamda_NQ_6,3.38671113211452
age_65,0.12,lamda_NQ_7,3.17651065051587
age_65,0.12,lamda_NQ_8,2.98005091301636
age_65,0.12,lamda_NQ_9,2.79640679844272
age_65,0.12,lamda_NQ_10,2.62471676614511
age_65,0.12,lamda_NQ_11,2.46417842266498
age_65,0.12,lamda_NQ_12,2.31404440083618
age_65,0.12,lamda_NQ_13,2.17361852912891
age_65,0.12,lamda_NQ_14,2.04225227063154
age_65,0.12,lamda_NQ_15,1.91934141253661
age_65,0.12,lamda_NQ_16,1.80432298836342
age_65,0.12,lamda_NQ_17,1.69667241641766
age_65,0.12,pen_NQ_11,0.125197257888815
age_65,0.12,pen_NQ_12,0.125197257888815
age_65,0.12,pen_NQ_13,0.125197257888815
age_65,0.12,pen_NQ_14,0.125197257888815
age_65,0.12,pen_NQ_15,0.125197257888815
age_65,0.12,pen_NQ_16,0.125197257888815
age_65,0.12,pen_NQ_17,0.125197257888815
age_65,0.12,P_NQ_1,0.4612978630918
age_65,0.12,P_NQ_2,0.456590742039843
age_65,0.12,P_NQ_3,0.451836569382202
age_65,0.12,P_NQ_4,0.447035885043808
age_65,0.12,P_NQ_5,0.44218927493268
age_65,0.12,P_NQ_6,0.437297372052493
age_65,0.12,P_NQ_7,0.432360857594628
age_65,0.12,P_NQ_8,0.427380462006243
age_65,0.12,P_NQ_9,0.422356966030721
age_65,0.12,P_NQ_10,0.417291201716684
age_65,0.12,P_NQ_11,0.412184053391601
age_65,0.12,P_NQ_12,0.407036458595848
age_65,0.12,P_NQ_13,0.401849408972914
age_65,0.12,P_NQ_14,0.396623951111283
age_65,0.12,P_NQ_15,0.391361187333367
age_65,0.12,P_NQ_16,0.386062276426702
age_65,0.12,P_NQ_17,0.38072843431249
age_65,0.12,welf_NQ_1,-19.0737842824374
age_65,0.12,welf_NQ_2,-17.7047167500587
age_65,0.12,welf_NQ_3,-16.3439046975181
age_65,0.12,welf_NQ_4,-14.997045240116
age_65,0.12,welf_NQ_5,-13.6661920246715
age_65,0.12,welf_NQ_6,-12.3523021508668
age_65,0.12,welf_NQ_7,-11.0558503059997
age_65,0.12,welf_NQ_8,-9.77705109097555
age_65,0.12,welf_NQ_9,-8.51595841699699
age_65,0.12,welf_NQ_10,-7.27251617856361
age_65,0.12,welf_NQ_11,-6.05136315132678
age_65,0.12,welf_NQ_12,-5.10896610479108
age_65,0.12,welf_NQ_13,-4.19184337831352
age_65,0.12,welf_NQ_14,-3.30039392686133
age_65,0.12,welf_NQ_15,-2.43503546383388
age_65,0.12,welf_NQ_16,-1.59620610261562
age_65,0.12,welf_NQ_17,-0.784366140807771
age_65,0.12,L_NQ,3.28872917235369
age_65,0.12,MPL_NQ,0.584438800344846
age_65,0.12,penind_NQ,0.344452275766005
age_65,0.12,pi_NQ,0.4612978630918
age_65,0.12,Kmig,0
age_65,0.12,y1,7.42535189038231
age_65,0.12,cCheck,2.18491891246231e-13
age_65,0.12,y,7.42535189038253
age_65,0.12,c,6.05380775751724
age_65,0.12,I,0.242998830488316
age_65,0.12,g,0.965295745749729
age_65,0.12,r,0.163342904378358
age_65,0.12,kbar,12.1499415244159
age_65,0.12,nbar,6.01262303690259
age_65,0.12,Ptot,15.546317331646
age_65,0.12,Pret,6.01746938851915
age_65,0.12,Tw,0.865730802961864
age_65,0.12,Deped,0.163249556627024
age_65,0.12,rd,0.163342904378358
age_65,0.12,H,873.157195591607
age_65,0.12,R,0.183342904378358
age_65,0.12,beq,0.0126275964162752
age_65,0.12,Tc,0.742535189038253
age_65,0.12,Tk,0.742535189038253
age_65,0.12,penbase,4.45743348319789
age_65,0.12,retire,0.891042226845903
age_65,0.12,Def,-0.363863563141119
age_65,0.12,D,2.22760556711476
age_65,0.12,lambc,3.87021369081996
age_65,0.12,Defratio,-0.049002871313399
age_65,0.12,Dratio,0.3
age_65,0.12,Gratio,0.13
age_65,0.12,Penratio,0.12
age_65,0.12,Edratio,0.0175883442602598
age_65,0.12,Tkratio,0.1
age_65,0.12,Tcratio,0.1
age_65,0.12,Twratio,0.116591215573659
age_65,0.12,rhop,0.363467646164333
age_65,0.12,tauw,-0.125145512822171
age_65,0.12,tauk,0.316178232746313
age_65,0.12,tauc,0.122655891759378
age_65,0.12,v,0.8
age_65,0.12,A,1
age_65,0.12,tauf,0.35
age_65,0.12,xpop,1
age_65,0.12,lambb,50
age_65,0.12,lambbb,-50
age_65,0.12,A_Q,2
age_65,0.12,h_Q_1,100
age_65,0.12,mig_Q_2,0
age_65,0.12,med_Q_2,0
age_65,0.12,mig_Q_3,0
age_65,0.12,med_Q_3,0
age_65,0.12,mig_Q_4,0
age_65,0.12,med_Q_4,0
age_65,0.12,mig_Q_5,0
age_65,0.12,med_Q_5,0
age_65,0.12,mig_Q_6,0
age_65,0.12,med_Q_6,0
age_65,0.12,mig_Q_7,0
age_65,0.12,med_Q_7,0
age_65,0.12,mig_Q_8,0
age_65,0.12,med_Q_8,0
age_65,0.12,mig_Q_9,0
age_65,0.12,med_Q_9,0
age_65,0.12,mig_Q_10,0
age_65,0.12,med_Q_10,0
age_65,0.12,mig_Q_11,0
age_65,0.12,med_Q_11,0
age_65,0.12,mig_Q_12,0
age_65,0.12,med_Q_12,0
age_65,0.12,mig_Q_13,0
age_65,0.12,med_Q_13,0
age_65,0.12,mig_Q_14,0
age_65,0.12,med_Q_14,0
age_65,0.12,mig_Q_15,0
age_65,0.12,med_Q_15,0
age_65,0.12,mig_Q_16,0
age_65,0.12,med_Q_16,0
age_65,0.12,mig_Q_17,0
age_65,0.12,med_Q_17,0
age_65,0.12,h_NQ_1,100
age_65,0.12,mig_NQ_2,0
age_65,0.12,med_NQ_2,0
age_65,0.12,mig_NQ_3,0
age_65,0.12,med_NQ_3,0
age_65,0.12,mig_NQ_4,0
age_65,0.12,med_NQ_4,0
age_65,0.12,mig_NQ_5,0
age_65,0.12,med_NQ_5,0
age_65,0.12,mig_NQ_6,0
age_65,0.12,med_NQ_6,0
age_65,0.12,mig_NQ_7,0
age_65,0.12,med_NQ_7,0
age_65,0.12,mig_NQ_8,0
age_65,0.12,med_NQ_8,0
age_65,0.12,mig_NQ_9,0
age_65,0.12,med_NQ_9,0
age_65,0.12,mig_NQ_10,0
age_65,0.12,med_NQ_10,0
age_65,0.12,mig_NQ_11,0
age_65,0.12,med_NQ_11,0
age_65,0.12,mig_NQ_12,0
age_65,0.12,med_NQ_12,0
age_65,0.12,mig_NQ_13,0
age_65,0.12,med_NQ_13,0
age_65,0.12,mig_NQ_14,0
age_65,0.12,med_NQ_14,0
age_65,0.12,mig_NQ_15,0
age_65,0.12,med_NQ_15,0
age_65,0.12,mig_NQ_16,0
age_65,0.12,med_NQ_16,0
age_65,0.12,mig_NQ_17,0
age_65,0.12,med_NQ_17,0
age_70,0.1,k_Q_1,0
age_70,0.1,k_Q_2,-0.339014918520196
age_70,0.1,k_Q_3,-0.125320959969409
age_70,0.1,k_Q_4,0.110637850100165
age_70,0.1,k_Q_5,0.363223360894662
age_70,0.1,k_Q_6,0.629003564592579
age_70,0.1,k_Q_7,0.905360025975277
age_70,0.1,k_Q_8,1.18996018635292
age_70,0.1,k_Q_9,1.48049998133745
age_70,0.1,k_Q_10,1.77455077526784
age_70,0.1,k_Q_11,2.03998708074957
age_70,0.1,k_Q_12,2.28449739976378
age_70,0.1,k_Q_13,2.10934332109789
age_70,0.1,k_Q_14,1.86804497432608
age_70,0.1,k_Q_15,1.54969953614769
age_70,0.1,k_Q_16,1.14192304772602
age_70,0.1,k_Q_17,0.630664905677428
age_70,0.1,c_Q_1,0.2607869931102
age_70,0.1,c_Q_2,0.280126512675718
age_70,0.1,c_Q_3,0.300836910666838
age_70,0.1,c_Q_4,0.323009100658198
age_70,0.1,c_Q_5,0.346739409955055
age_70,0.1,c_Q_6,0.372129841269681
age_70,0.1,c_Q_7,0.399288340864551
age_70,0.1,c_Q_8,0.428329072606252
age_70,0.1,c_Q_9,0.459372697267019
age_70,0.1,c_Q_10,0.492546656293719
age_70,0.1,c_Q_11,0.527985459136424
age_70,0.1,c_Q_12,0.565830973089918
age_70,0.1,c_Q_13,0.606232714451072
age_70,0.1,c_Q_14,0.649348139632592
age_70,0.1,c_Q_15,0.695342934698705
age_70,0.1,c_Q_16,0.744391301600639
age_70,0.1,c_Q_17,0.796676239188856
age_70,0.1,lab_Q_1,0
age_70,0.1,lab_Q_2,0.900177990435008
age_70,0.1,lab_Q_3,0.898719233525604
age_70,0.1,lab_Q_4,0.89653150970724
age_70,0.1,lab_Q_5,0.893960208762868
age_70,0.1,lab_Q_6,0.891156710475031
age_70,0.1,lab_Q_7,0.888204475642569
age_70,0.1,lab_Q_8,0.885157677604096
age_70,0.1,lab_Q_9,0.88205618106729
age_70,0.1,lab_Q_10,0.875306790119919
age_70,0.1,lab_Q_11,0.870090331742213
age_70,0.1,w_Q_1,0
age_70,0.1,w_Q_2,0.531184512823305
age_70,0.1,w_Q_3,0.55132608408203
age_70,0.1,w_Q_4,0.565616756315656
age_70,0.1,w_Q_5,0.576701462865846
age_70,0.1,w_Q_6,0.585758327574381
age_70,0.1,w_Q_7,0.593415797576691
age_70,0.1,w_Q_8,0.600048999808007
age_70,0.1,w_Q_9,0.605899898833106
age_70,0.1,w_Q_10,0.584675177299997
age_70,0.1,w_Q_11,0.575618721254445
age_70,0.1,beta_Q_2,0.989795918367347
age_70,0.1,beta_Q_3,0.989587671803415
age_70,0.1,beta_Q_4,0.989375175309607
age_70,0.1,beta_Q_5,0.989158342152661
age_70,0.1,beta_Q_6,0.988937083829246
age_70,0.1,beta_Q_7,0.988711310029842
age_70,0.1,beta_Q_8,0.98848092860188
age_70,0.1,beta_Q_9,0.988245845512122
age_70,0.1,beta_Q_10,0.988005964808288
age_70,0.1,beta_Q_11,0.987761188579886
age_70,0.1,beta_Q_12,0.987511416918251
age_70,0.1,beta_Q_13,0.987256547875766
age_70,0.1,beta_Q_14,0.986996477424251
age_70,0.1,beta_Q_15,0.986731099412501
age_70,0.1,beta_Q_16,0.986460305522961
age_70,0.1,beta_Q_17,0.986183985227511
age_70,0.1,h_Q_2,98
age_70,0.1,h_Q_3,96.04
age_70,0.1,h_Q_4,94.1192
age_70,0.1,h_Q_5,92.236816
age_70,0.1,h_Q_6,90.39207968
age_70,0.1,h_Q_7,88.5842380864
age_70,0.1,h_Q_8,86.812553324672
age_70,0.1,h_Q_9,85.0763022581786
age_70,0.1,h_Q_10,83.374776213015
age_70,0.1,h_Q_11,81.7072806887547
age_70,0.1,h_Q_12,80.0731350749796
age_70,0.1,h_Q_13,78.47167237348
age_70,0.1,h_Q_14,76.9022389260104
age_70,0.1,h_Q_15,75.3641941474902
age_70,0.1,h_Q_16,73.8569102645404
age_70,0.1,h_Q_17,72.3797720592496
age_70,0.1,lamda_Q_1,3.41715400249097
age_70,0.1,lamda_Q_2,3.1812387509915
age_70,0.1,lamda_Q_3,2.96223397364631
age_70,0.1,lamda_Q_4,2.75889848146137
age_70,0.1,lamda_Q_5,2.57008373354392
age_70,0.1,lamda_Q_6,2.39472683583656
age_70,0.1,lamda_Q_7,2.23184407382034
age_70,0.1,lamda_Q_8,2.08052493817833
age_70,0.1,lamda_Q_9,1.93992660557731
age_70,0.1,lamda_Q_10,1.8092688396461
age_70,0.1,lamda_Q_11,1.68782927992311
age_70,0.1,lamda_Q_12,1.5749390890316
age_70,0.1,lamda_Q_13,1.46997893063394
age_70,0.1,lamda_Q_14,1.37237525283174
age_70,0.1,lamda_Q_15,1.28159685363055
age_70,0.1,lamda_Q_16,1.19715170688841
age_70,0.1,lamda_Q_17,1.11858402882885
age_70,0.1,pen_Q_12,0.175308074910361
age_70,0.1,pen_Q_13,0.175308074910361
age_70,0.1,pen_Q_14,0.175308074910361
age_70,0.1,pen_Q_15,0.175308074910361
age_70,0.1,pen_Q_16,0.175308074910361
age_70,0.1,pen_Q_17,0.175308074910361
age_70,0.1,P_Q_1,0.538732174775124
age_70,0.1,P_Q_2,0.533234907685582
age_70,0.1,P_Q_3,0.527682690820884
age_70,0.1,P_Q_4,0.522076154738758
age_70,0.1,P_Q_5,0.516415983698826
age_70,0.1,P_Q_6,0.510702916961928
age_70,0.1,P_Q_7,0.504937750065489
age_70,0.1,P_Q_8,0.499121336070879
age_70,0.1,P_Q_9,0.493254586778506
age_70,0.1,P_Q_10,0.487338473906211
age_70,0.1,P_Q_11,0.481374030226307
age_70,0.1,P_Q_12,0.475362350656429
age_70,0.1,P_Q_13,0.469304593299176
age_70,0.1,P_Q_14,0.463201980425308
age_70,0.1,P_Q_15,0.457055799395112
age_70,0.1,P_Q_16,0.450867403512343
age_70,0.1,P_Q_17,0.444638212804982
age_70,0.1,welf_Q_1,-18.4513584011386
age_70,0.1,welf_Q_2,-13.6382270256148
age_70,0.1,welf_Q_3,-12.4206679483709
age_70,0.1,welf_Q_4,-11.2323002327
age_70,0.1,welf_Q_5,-10.0752012502152
age_70,0.1,welf_Q_6,-8.95066331886976
age_70,0.1,welf_Q_7,-7.85965087107986
age_70,0.1,welf_Q_8,-6.802969043307
age_70,0.1,welf_Q_9,-5.78134110055804
age_70,0.1,welf_Q_10,-4.79544964381478
age_70,0.1,welf_Q_11,-3.852111169411
age_70,0.1,welf_Q_12,-2.94920199640873
age_70,0.1,welf_Q_13,-2.33881709534473
age_70,0.1,welf_Q_14,-1.77391847341364
age_70,0.1,welf_Q_15,-1.25597697173779
age_70,0.1,welf_Q_16,-0.78655366313865
age_70,0.1,welf_Q_17,-0.367306907078641
age_70,0.1,L_Q,5.23269198489554
age_70,0.1,MPL_Q,0.670615563596789
age_70,0.1,penind_Q,0.463598607398194
age_70,0.1,pi_Q,0.538732174775124
age_70,0.1,k_NQ_1,0
age_70,0.1,k_NQ_2,0.102404846953145
age_70,0.1,k_NQ_3,0.232178298319379
age_70,0.1,k_NQ_4,0.377719569961975
age_70,0.1,k_NQ_5,0.534041173870266
age_70,0.1,k_NQ_6,0.698021142697176
age_70,0.1,k_NQ_7,0.867217927920921
age_70,0.1,k_NQ_8,1.03942059664012
age_70,0.1,k_NQ_9,1.21242890142532
age_70,0.1,k_NQ_10,1.38392204867993
age_70,0.1,k_NQ_11,1.53643297793174
age_70,0.1,k_NQ_12,1.66512442017762
age_70,0.1,k_NQ_13,1.53849051219208
age_70,0.1,k_NQ_14,1.36333144747684
age_70,0.1,k_NQ_15,1.13163376031945
age_70,0.1,k_NQ_16,0.834294710895319
age_70,0.1,k_NQ_17,0.460985826638897
age_70,0.1,c_NQ_1,0.192593658851485
age_70,0.1,c_NQ_2,0.206876076809267
age_70,0.1,c_NQ_3,0.22217090143917
age_70,0.1,c_NQ_4,0.238545273275198
age_70,0.1,c_NQ_5,0.256070330942579
age_70,0.1,c_NQ_6,0.274821404408252
age_70,0.1,c_NQ_7,0.294878213007147
age_70,0.1,c_NQ_8,0.316325067833588
age_70,0.1,c_NQ_9,0.339251078008117
age_70,0.1,c_NQ_10,0.363750360243568
age_70,0.1,c_NQ_11,0.389922251039935
age_70,0.1,c_NQ_12,0.417871520735062
age_70,0.1,c_NQ_13,0.44770858852712
age_70,0.1,c_NQ_14,0.479549737464857
age_70,0.1,c_NQ_15,0.513517328272439
age_70,0.1,c_NQ_16,0.549740010737057
age_70,0.1,c_NQ_17,0.588352931239121
age_70,0.1,lab_NQ_1,0.884648883843566
age_70,0.1,lab_NQ_2,0.887248419692404
age_70,0.1,lab_NQ_3,0.886674488598935
age_70,0.1,lab_NQ_4,0.884943371862397
age_70,0.1,lab_NQ_5,0.882621527365331
age_70,0.1,lab_NQ_6,0.879949070160212
age_70,0.1,lab_NQ_7,0.877053486184318
age_70,0.1,lab_NQ_8,0.874013955871868
age_70,0.1,lab_NQ_9,0.870886001200845
age_70,0.1,lab_NQ_10,0.864620259830061
age_70,0.1,lab_NQ_11,0.858007553610145
age_70,0.1,w_NQ_1,0.297338377042288
age_70,0.1,w_NQ_2,0.326781128145022
age_70,0.1,w_NQ_3,0.344004033458187
age_70,0.1,w_NQ_4,0.356223879247755
age_70,0.1,w_NQ_5,0.3657023280185
age_70,0.1,w_NQ_6,0.37344678456092
age_70,0.1,w_NQ_7,0.379994629269463
age_70,0.1,w_NQ_8,0.385666630350488
age_70,0.1,w_NQ_9,0.390669689874085
age_70,0.1,w_NQ_10,0.381684396244412
age_70,0.1,w_NQ_11,0.372010600489078
age_70,0.1,beta_NQ_2,0.989795918367347
age_70,0.1,beta_NQ_3,0.989587671803415
age_70,0.1,beta_NQ_4,0.989375175309607
age_70,0.1,beta_NQ_5,0.989158342152661
age_70,0.1,beta_NQ_6,0.988937083829246
age_70,0.1,beta_NQ_7,0.988711310029842
age_70,0.1,beta_NQ_8,0.98848092860188
age_70,0.1,beta_NQ_9,0.988245845512122
age_70,0.1,beta_NQ_10,0.988005964808288
age_70,0.1,beta_NQ_11,0.987761188579886
age_70,0.1,beta_NQ_12,0.987511416918251
age_70,0.1,beta_NQ_13,0.987256547875766
age_70,0.1,beta_NQ_14,0.986996477424251
age_70,0.1,beta_NQ_15,0.986731099412501
age_70,0.1,beta_NQ_16,0.986460305522961
age_70,0.1,beta_NQ_17,0.986183985227511
age_70,0.1,h_NQ_2,98
age_70,0.1,h_NQ_3,96.04
age_70,0.1,h_NQ_4,94.1192
age_70,0.1,h_NQ_5,92.236816
age_70,0.1,h_NQ_6,90.39207968
age_70,0.1,h_NQ_7,88.5842380864
age_70,0.1,h_NQ_8,86.812553324672
age_70,0.1,h_NQ_9,85.0763022581786
age_70,0.1,h_NQ_10,83.374776213015
age_70,0.1,h_NQ_11,81.7072806887547
age_70,0.1,h_NQ_12,80.0731350749796
age_70,0.1,h_NQ_13,78.47167237348
age_70,0.1,h_NQ_14,76.9022389260104
age_70,0.1,h_NQ_15,75.3641941474902
age_70,0.1,h_NQ_16,73.8569102645404
age_70,0.1,h_NQ_17,72.3797720592496
age_70,0.1,lamda_NQ_1,4.62709583803742
age_70,0.1,lamda_NQ_2,4.30764799414539
age_70,0.1,lamda_NQ_3,4.01109826503586
age_70,0.1,lamda_NQ_4,3.73576598298818
age_70,0.1,lamda_NQ_5,3.48009593311275
age_70,0.1,lamda_NQ_6,3.24264887308518
age_70,0.1,lamda_NQ_7,3.02209277591664
age_70,0.1,lamda_NQ_8,2.81719474023133
age_70,0.1,lamda_NQ_9,2.62681351681005
age_70,0.1,lamda_NQ_10,2.44989260411285
age_70,0.1,lamda_NQ_11,2.28545386914283
age_70,0.1,lamda_NQ_12,2.13259165337832
age_70,0.1,lamda_NQ_13,1.99046732660594
age_70,0.1,lamda_NQ_14,1.85830425435152
age_70,0.1,lamda_NQ_15,1.73538314724856
age_70,0.1,lamda_NQ_16,1.62103776312242
age_70,0.1,lamda_NQ_17,1.51465093481774
age_70,0.1,pen_NQ_12,0.13137509498506
age_70,0.1,pen_NQ_13,0.13137509498506
age_70,0.1,pen_NQ_14,0.13137509498506
age_70,0.1,pen_NQ_15,0.13137509498506
age_70,0.1,pen_NQ_16,0.13137509498506
age_70,0.1,pen_NQ_17,0.13137509498506
age_70,0.1,P_NQ_1,0.461267825224876
age_70,0.1,P_NQ_2,0.456561010681765
age_70,0.1,P_NQ_3,0.451807147596782
age_70,0.1,P_NQ_4,0.4470067758597
age_70,0.1,P_NQ_5,0.442160481340386
age_70,0.1,P_NQ_6,0.437268897001297
age_70,0.1,P_NQ_7,0.432332703989457
age_70,0.1,P_NQ_8,0.42735263270446
age_70,0.1,P_NQ_9,0.422329463838851
age_70,0.1,P_NQ_10,0.417264029387071
age_70,0.1,P_NQ_11,0.412157213619005
age_70,0.1,P_NQ_12,0.407009954013982
age_70,0.1,P_NQ_13,0.401823242150918
age_70,0.1,P_NQ_14,0.396598124550149
age_70,0.1,P_NQ_15,0.391335703462304
age_70,0.1,P_NQ_16,0.386037137599467
age_70,0.1,P_NQ_17,0.380703642803664
age_70,0.1,welf_NQ_1,-18.4513584011386
age_70,0.1,welf_NQ_2,-17.0731613076869
age_70,0.1,welf_NQ_3,-15.7105864123372
age_70,0.1,welf_NQ_4,-14.3695832990861
age_70,0.1,welf_NQ_5,-13.0524913328572
age_70,0.1,welf_NQ_6,-11.7605751646753
age_70,0.1,welf_NQ_7,-10.494637597666
age_70,0.1,welf_NQ_8,-9.25524248745893
age_70,0.1,welf_NQ_9,-8.04281528300881
age_70,0.1,welf_NQ_10,-6.85769511257583
age_70,0.1,welf_NQ_11,-5.70477917732605
age_70,0.1,welf_NQ_12,-4.58451174107988
age_70,0.1,welf_NQ_13,-3.72993480302511
age_70,0.1,welf_NQ_14,-2.91034167592476
age_70,0.1,welf_NQ_15,-2.12660326844566
age_70,0.1,welf_NQ_16,-1.37964049186277
age_70,0.1,welf_NQ_17,-0.670428287949612
age_70,0.1,L_NQ,3.57823650546304
age_70,0.1,MPL_NQ,0.573438298581556
age_70,0.1,penind_NQ,0.347418743335248
age_70,0.1,pi_NQ,0.461267825224876
age_70,0.1,Kmig,0
age_70,0.1,y1,7.9443179117061
age_70,0.1,cCheck,2.66453525910038e-15
age_70,0.1,y,7.94431791170611
age_70,0.1,c,6.50393117261605
age_70,0.1,I,0.247439660060159
age_70,0.1,g,1.03276132852179
age_70,0.1,r,0.172636489472414
age_70,0.1,kbar,12.371983003008
age_70,0.1,nbar,6.57062810318622
age_70,0.1,Ptot,15.546317331646
age_70,0.1,Pret,5.12393814467383
age_70,0.1,Tw,0.777921884416588
age_70,0.1,Deped,0.160185750508098
age_70,0.1,rd,0.172636489472414
age_70,0.1,H,946.165203736648
age_70,0.1,R,0.192636489472414
age_70,0.1,beq,0.0130939428784272
age_70,0.1,Tc,0.794431791170611
age_70,0.1,Tk,0.794431791170611
age_70,0.1,penbase,4.95225305771604
age_70,0.1,retire,0.794431791170611
age_70,0.1,Def,-0.411443746658927
age_70,0.1,D,2.38329537351183
age_70,0.1,lambc,3.87321747751242
age_70,0.1,Defratio,-0.051790946841724
age_70,0.1,Dratio,0.3
age_70,0.1,Gratio,0.13
age_70,0.1,Penratio,0.1
age_70,0.1,Edratio,0.0161308499773969
age_70,0.1,Tkratio,0.1
age_70,0.1,Tcratio,0.1
age_70,0.1,Twratio,0.0979217968191209
age_70,0.1,rhop,0.378146250037773
age_70,0.1,tauw,-0.161150820420266
age_70,0.1,tauk,0.311872162504253
age_70,0.1,tauc,0.122146401935411
age_70,0.1,v,0.8
age_70,0.1,A,1
age_70,0.1,tauf,0.35
age_70,0.1,xpop,1
age_70,0.1,lambb,50
age_70,0.1,lambbb,-50
age_70,0.1,A_Q,2
age_70,0.1,h_Q_1,100
age_70,0.1,mig_Q_2,0
age_70,0.1,med_Q_2,0
age_70,0.1,mig_Q_3,0
age_70,0.1,med_Q_3,0
age_70,0.1,mig_Q_4,0
age_70,0.1,med_Q_4,0
age_70,0.1,mig_Q_5,0
age_70,0.1,med_Q_5,0
age_70,0.1,mig_Q_6,0
age_70,0.1,med_Q_6,0
age_70,0.1,mig_Q_7,0
age_70,0.1,med_Q_7,0
age_70,0.1,mig_Q_8,0
age_70,0.1,med_Q_8,0
age_70,0.1,mig_Q_9,0
age_70,0.1,med_Q_9,0
age_70,0.1,mig_Q_10,0
age_70,0.1,med_Q_10,0
age_70,0.1,mig_Q_11,0
age_70,0.1,med_Q_11,0
age_70,0.1,mig_Q_12,0
age_70,0.1,med_Q_12,0
age_70,0.1,mig_Q_13,0
age_70,0.1,med_Q_13,0
age_70,0.1,mig_Q_14,0
age_70,0.1,med_Q_14,0
age_70,0.1,mig_Q_15,0
age_70,0.1,med_Q_15,0
age_70,0.1,mig_Q_16,0
age_70,0.1,med_Q_16,0
age_70,0.1,mig_Q_17,0
age_70,0.1,med_Q_17,0
age_70,0.1,h_NQ_1,100
age_70,0.1,mig_NQ_2,0
age_70,0.1,med_NQ_2,0
age_70,0.1,mig_NQ_3,0
age_70,0.1,med_NQ_3,0
age_70,0.1,mig_NQ_4,0
age_70,0.1,med_NQ_4,0
age_70,0.1,mig_NQ_5,0
age_70,0.1,med_NQ_5,0
age_70,0.1,mig_NQ_6,0
age_70,0.1,med_NQ_6,0
age_70,0.1,mig_NQ_7,0
age_70,0.1,med_NQ_7,0
age_70,0.1,mig_NQ_8,0
age_70,0.1,med_NQ_8,0
age_70,0.1,mig_NQ_9,0
age_70,0.1,med_NQ_9,0
age_70,0.1,mig_NQ_10,0
age_70,0.1,med_NQ_10,0
age_70,0.1,mig_NQ_11,0
age_70,0.1,med_NQ_11,0
age_70,0.1,mig_NQ_12,0
age_70,0.1,med_NQ_12,0
age_70,0.1,mig_NQ_13,0
age_70,0.1,med_NQ_13,0
age_70,0.1,mig_NQ_14,0
age_70,0.1,med_NQ_14,0
age_70,0.1,mig_NQ_15,0
age_70,0.1,med_NQ_15,0
age_70,0.1,mig_NQ_16,0
age_70,0.1,med_NQ_16,0
age_70,0.1,mig_NQ_17,0
age_70,0.1,med_NQ_17,0
