mod,variable,value
base,k_Q_1,0
base,k_Q_2,-0.324217267666298
base,k_Q_3,-0.00948580869134699
base,k_Q_4,0.34399063657374
base,k_Q_5,0.747552828242309
base,k_Q_6,1.20276467035147
base,k_Q_7,1.69320744337412
base,k_Q_8,2.18917637449003
base,k_Q_9,2.66189333321029
base,k_Q_10,3.09183211671885
base,k_Q_11,3.38401090647597
base,k_Q_12,3.59559218922691
base,k_Q_13,3.68762633747506
base,k_Q_14,3.60963048005808
base,k_Q_15,3.2966676088822
base,k_Q_16,2.66574028899622
base,k_Q_17,1.61134506099165
base,c_Q_1,0.196355048906637
base,c_Q_2,0.227901755443474
base,c_Q_3,0.26446115215524
base,c_Q_4,0.3068194123662
base,c_Q_5,0.355884104562192
base,c_Q_6,0.412702588196947
base,c_Q_7,0.478483133626256
base,c_Q_8,0.55461915810561
base,c_Q_9,0.64271702412301
base,c_Q_10,0.744627907842161
base,c_Q_11,0.862484314982907
base,c_Q_12,0.998741900042981
base,c_Q_13,1.15622733345061
base,c_Q_14,1.33819306122823
base,c_Q_15,1.54837991436354
base,c_Q_16,1.791088651779
base,c_Q_17,2.07126166315911
base,lab_Q_1,0
base,lab_Q_2,0.919080869348654
base,lab_Q_3,0.914491423271295
base,lab_Q_4,0.910784475231645
base,lab_Q_5,0.907109609020634
base,lab_Q_6,0.902089104835551
base,lab_Q_7,0.894845413563014
base,lab_Q_8,0.885737923932394
base,lab_Q_9,0.876239566022515
base,w_Q_1,0
base,w_Q_2,0.94824353381345
base,w_Q_3,0.97866745588604
base,w_Q_4,1.02396625006541
base,w_Q_5,1.0683149736467
base,w_Q_6,1.08719812519809
base,w_Q_7,1.0683149736467
base,w_Q_8,1.02396625006541
base,w_Q_9,0.97866745588604
base,beta_Q_2,0.989795918367347
base,beta_Q_3,0.989587671803415
base,beta_Q_4,0.989375175309607
base,beta_Q_5,0.989158342152661
base,beta_Q_6,0.988937083829246
base,beta_Q_7,0.988711310029842
base,beta_Q_8,0.98848092860188
base,beta_Q_9,0.988245845512122
base,beta_Q_10,0.988005964808288
base,beta_Q_11,0.987761188579886
base,beta_Q_12,0.987511416918251
base,beta_Q_13,0.987256547875766
base,beta_Q_14,0.986996477424251
base,beta_Q_15,0.986731099412501
base,beta_Q_16,0.986460305522961
base,beta_Q_17,0.986183985227511
base,h_Q_2,98
base,h_Q_3,96.04
base,h_Q_4,94.1192
base,h_Q_5,92.236816
base,h_Q_6,90.39207968
base,h_Q_7,88.5842380864
base,h_Q_8,86.812553324672
base,h_Q_9,85.0763022581786
base,h_Q_10,83.374776213015
base,h_Q_11,81.7072806887547
base,h_Q_12,80.0731350749796
base,h_Q_13,78.47167237348
base,h_Q_14,76.9022389260104
base,h_Q_15,75.3641941474902
base,h_Q_16,73.8569102645404
base,h_Q_17,72.3797720592496
base,lamda_Q_1,4.23789387652081
base,lamda_Q_2,3.65127446151591
base,lamda_Q_3,3.14651831697743
base,lamda_Q_4,2.71212259018426
base,lamda_Q_5,2.33821024518397
base,lamda_Q_6,2.01629910541862
base,lamda_Q_7,1.73910384903022
base,lamda_Q_8,1.50036623730732
base,lamda_Q_9,1.2947095349169
base,lamda_Q_10,1.11751366101345
base,lamda_Q_11,0.964808107150305
base,lamda_Q_12,0.833180083212368
base,lamda_Q_13,0.719695716673726
base,lamda_Q_14,0.621832442190171
base,lamda_Q_15,0.537420985422392
base,lamda_Q_16,0.464595573512775
base,lamda_Q_17,0.401751200336664
base,pen_Q_10,0.513623396530762
base,pen_Q_11,0.513623396530762
base,pen_Q_12,0.513623396530762
base,pen_Q_13,0.513623396530762
base,pen_Q_14,0.513623396530762
base,pen_Q_15,0.513623396530762
base,pen_Q_16,0.513623396530762
base,pen_Q_17,0.513623396530762
base,P_Q_1,0.527971560419897
base,P_Q_2,0.522584095517654
base,P_Q_3,0.517142778404808
base,P_Q_4,0.511648227044355
base,P_Q_5,0.506101112028542
base,P_Q_6,0.500502157852244
base,P_Q_7,0.494852144162856
base,P_Q_8,0.489151906982731
base,P_Q_9,0.483402339900016
base,P_Q_10,0.477604395223499
base,P_Q_11,0.471759085096941
base,P_Q_12,0.465867482568138
base,P_Q_13,0.459930722607794
base,P_Q_14,0.453950003073083
base,P_Q_15,0.447926585610611
base,P_Q_16,0.4418617964933
base,P_Q_17,0.43575702738555
base,welf_Q_1,-13.9915730649996
base,welf_Q_2,-9.81831705150471
base,welf_Q_3,-8.17514373420785
base,welf_Q_4,-6.6336951864109
base,welf_Q_5,-5.19392453020408
base,welf_Q_6,-3.85858985703005
base,welf_Q_7,-2.63400742227453
base,welf_Q_8,-1.52805686543841
base,welf_Q_9,-0.547064136034825
base,welf_Q_10,0.305670862605884
base,welf_Q_11,0.772904275589471
base,welf_Q_12,1.10748305012279
base,welf_Q_13,1.30398003409625
base,welf_Q_14,1.35662819060871
base,welf_Q_15,1.25929497363884
base,welf_Q_16,1.00545458486599
base,welf_Q_17,0.588157920718818
base,L_Q,4.60252463381816
base,MPL_Q,1.08762419980254
base,penind_Q,0.529323724023729
base,pi_Q,0.527971560419897
base,k_NQ_1,0
base,k_NQ_2,0.218155329338699
base,k_NQ_3,0.458834276572064
base,k_NQ_4,0.725477334957153
base,k_NQ_5,1.01895179986376
base,k_NQ_6,1.33507806436689
base,k_NQ_7,1.66354379692832
base,k_NQ_8,1.98901039266294
base,k_NQ_9,2.2935210920088
base,k_NQ_10,2.55821140830259
base,k_NQ_11,2.78861892899261
base,k_NQ_12,2.95336260494781
base,k_NQ_13,3.02095865982198
base,k_NQ_14,2.9506172952755
base,k_NQ_15,2.68988761768095
base,k_NQ_16,2.17175015267137
base,k_NQ_17,1.31103292626379
base,c_NQ_1,0.157762075456585
base,c_NQ_2,0.183108375054099
base,c_NQ_3,0.212482136181228
base,c_NQ_4,0.246515012243351
base,c_NQ_5,0.285936191966412
base,c_NQ_6,0.33158717956479
base,c_NQ_7,0.384438763618172
base,c_NQ_8,0.44561048955932
base,c_NQ_9,0.51639299433113
base,c_NQ_10,0.598273611186542
base,c_NQ_11,0.692965708486387
base,c_NQ_12,0.802442289483312
base,c_NQ_13,0.928974451334599
base,c_NQ_14,1.07517538192447
base,c_NQ_15,1.24405066355823
base,c_NQ_16,1.43905575438391
base,c_NQ_17,1.66416163278315
base,lab_NQ_1,0.91024918793228
base,lab_NQ_2,0.904473499495711
base,lab_NQ_3,0.899204384430717
base,lab_NQ_4,0.89414066897556
base,lab_NQ_5,0.888655332683615
base,lab_NQ_6,0.88206426978426
base,lab_NQ_7,0.873954643530145
base,lab_NQ_8,0.864421501018049
base,lab_NQ_9,0.854113942681327
base,w_NQ_1,0.578925057989617
base,w_NQ_2,0.593979475152122
base,w_NQ_3,0.614395094321005
base,w_NQ_4,0.636521554242545
base,w_NQ_5,0.654051441342525
base,w_NQ_6,0.660765963715593
base,w_NQ_7,0.654051441342525
base,w_NQ_8,0.636521554242545
base,w_NQ_9,0.614395094321005
base,beta_NQ_2,0.989795918367347
base,beta_NQ_3,0.989587671803415
base,beta_NQ_4,0.989375175309607
base,beta_NQ_5,0.989158342152661
base,beta_NQ_6,0.988937083829246
base,beta_NQ_7,0.988711310029842
base,beta_NQ_8,0.98848092860188
base,beta_NQ_9,0.988245845512122
base,beta_NQ_10,0.988005964808288
base,beta_NQ_11,0.987761188579886
base,beta_NQ_12,0.987511416918251
base,beta_NQ_13,0.987256547875766
base,beta_NQ_14,0.986996477424251
base,beta_NQ_15,0.986731099412501
base,beta_NQ_16,0.986460305522961
base,beta_NQ_17,0.986183985227511
base,h_NQ_2,98
base,h_NQ_3,96.04
base,h_NQ_4,94.1192
base,h_NQ_5,92.236816
base,h_NQ_6,90.39207968
base,h_NQ_7,88.5842380864
base,h_NQ_8,86.812553324672
base,h_NQ_9,85.0763022581786
base,h_NQ_10,83.374776213015
base,h_NQ_11,81.7072806887547
base,h_NQ_12,80.0731350749796
base,h_NQ_13,78.47167237348
base,h_NQ_14,76.9022389260104
base,h_NQ_15,75.3641941474902
base,h_NQ_16,73.8569102645404
base,h_NQ_17,72.3797720592496
base,lamda_NQ_1,5.27460010257099
base,lamda_NQ_2,4.54447733010199
base,lamda_NQ_3,3.91624385155588
base,lamda_NQ_4,3.37558289782274
base,lamda_NQ_5,2.91020123637582
base,lamda_NQ_6,2.50954171532641
base,lamda_NQ_7,2.16453682129665
base,lamda_NQ_8,1.86739737704163
base,lamda_NQ_9,1.61143134883766
base,lamda_NQ_10,1.39088845609453
base,lamda_NQ_11,1.20082689402187
base,lamda_NQ_12,1.03699900951281
base,lamda_NQ_13,0.895753223557365
base,lamda_NQ_14,0.773949881456526
base,lamda_NQ_15,0.668889044281658
base,lamda_NQ_16,0.578248519454826
base,lamda_NQ_17,0.50003067189681
base,pen_NQ_10,0.387443533503827
base,pen_NQ_11,0.387443533503827
base,pen_NQ_12,0.387443533503827
base,pen_NQ_13,0.387443533503827
base,pen_NQ_14,0.387443533503827
base,pen_NQ_15,0.387443533503827
base,pen_NQ_16,0.387443533503827
base,pen_NQ_17,0.387443533503827
base,P_NQ_1,0.472028439580103
base,P_NQ_2,0.467211822849693
base,P_NQ_3,0.462347060012858
base,P_NQ_4,0.457434703554103
base,P_NQ_5,0.45247535301067
base,P_NQ_6,0.44746965611098
base,P_NQ_7,0.44241830989209
base,P_NQ_8,0.437322061792608
base,P_NQ_9,0.43218171071734
base,P_NQ_10,0.426998108069783
base,P_NQ_11,0.421772158748371
base,P_NQ_12,0.416504822102273
base,P_NQ_13,0.4111971128423
base,P_NQ_14,0.405850101902373
base,P_NQ_15,0.400464917246804
base,P_NQ_16,0.39504274461851
base,P_NQ_17,0.389584828223095
base,welf_NQ_1,-13.9915730649996
base,welf_NQ_2,-12.1628652811592
base,welf_NQ_3,-10.4304836342438
base,welf_NQ_4,-8.79511473035367
base,welf_NQ_5,-7.25858181826197
base,welf_NQ_6,-5.82426421974504
base,welf_NQ_7,-4.49688028870711
base,welf_NQ_8,-3.28169399841831
base,welf_NQ_9,-2.18356909110222
base,welf_NQ_10,-1.20636829773903
base,welf_NQ_11,-0.576813336303886
base,welf_NQ_12,-0.0731178523780896
base,welf_NQ_13,0.299671934958324
base,welf_NQ_14,0.536195081297444
base,welf_NQ_15,0.630752157830574
base,welf_NQ_16,0.577279526572129
base,welf_NQ_17,0.369321472767762
base,L_NQ,3.41834895835506
base,MPL_NQ,0.892388012124782
base,penind_NQ,0.399286822579279
base,pi_NQ,0.472028439580103
base,Kmig,0
base,y1,14.7914310714265
base,cCheck,7.65896982125064
base,y,22.4504008926772
base,c,11.1287905914642
base,I,0.43843239768136
base,g,2.91855211604803
base,r,0.287236431587693
base,kbar,21.921619884068
base,nbar,22.6809081322167
base,Ptot,15.546317331646
base,Pret,6.92207189181243
base,Tw,3.75062474751154
base,Deped,0.305655966232957
base,rd,0.287236431587693
base,H,797.736164317796
base,R,0.307236431587693
base,beq,0.0275340114071201
base,Tc,2.24504008926772
base,Tk,2.24504008926772
base,penbase,4.41067911074473
base,retire,3.1430561249748
base,Def,-1.93457191203777
base,D,6.73512026780315
base,lambc,2.79715604198974
base,Defratio,-0.0861709294763101
base,Dratio,0.3
base,Gratio,0.13
base,Penratio,0.14
base,Edratio,0.0108917775747214
base,Tkratio,0.1
base,Tcratio,0.1
base,Twratio,0.167062707051031
base,rhop,0.970338893232211
base,tauw,0.278494050510473
base,tauk,0.272745624446653
base,tauc,0.201732620522996
base,v,0.8
base,A,1
base,tauf,0.35
base,xpop,1
base,lambb,50
base,lambbb,-50
base,A_Q,2
base,h_Q_1,100
base,mig_Q_2,0
base,med_Q_2,0
base,mig_Q_3,0
base,med_Q_3,0
base,mig_Q_4,0
base,med_Q_4,0
base,mig_Q_5,0
base,med_Q_5,0
base,mig_Q_6,0
base,med_Q_6,0
base,mig_Q_7,0
base,med_Q_7,0
base,mig_Q_8,0
base,med_Q_8,0
base,mig_Q_9,0
base,med_Q_9,0
base,mig_Q_10,0
base,med_Q_10,0
base,mig_Q_11,0
base,med_Q_11,0
base,mig_Q_12,0
base,med_Q_12,0
base,mig_Q_13,0
base,med_Q_13,0
base,mig_Q_14,0
base,med_Q_14,0
base,mig_Q_15,0
base,med_Q_15,0
base,mig_Q_16,0
base,med_Q_16,0
base,mig_Q_17,0
base,med_Q_17,0
base,h_NQ_1,100
base,mig_NQ_2,0
base,med_NQ_2,0
base,mig_NQ_3,0
base,med_NQ_3,0
base,mig_NQ_4,0
base,med_NQ_4,0
base,mig_NQ_5,0
base,med_NQ_5,0
base,mig_NQ_6,0
base,med_NQ_6,0
base,mig_NQ_7,0
base,med_NQ_7,0
base,mig_NQ_8,0
base,med_NQ_8,0
base,mig_NQ_9,0
base,med_NQ_9,0
base,mig_NQ_10,0
base,med_NQ_10,0
base,mig_NQ_11,0
base,med_NQ_11,0
base,mig_NQ_12,0
base,med_NQ_12,0
base,mig_NQ_13,0
base,med_NQ_13,0
base,mig_NQ_14,0
base,med_NQ_14,0
base,mig_NQ_15,0
base,med_NQ_15,0
base,mig_NQ_16,0
base,med_NQ_16,0
base,mig_NQ_17,0
base,med_NQ_17,0
FC,k_Q_1,0
FC,k_Q_2,-0.338762714343733
FC,k_Q_3,0.0164638373841408
FC,k_Q_4,0.403514250721563
FC,k_Q_5,0.820707269832828
FC,k_Q_6,1.26413711815098
FC,k_Q_7,1.72729836627041
FC,k_Q_8,2.20075650949746
FC,k_Q_9,2.67177227504537
FC,k_Q_10,3.12374927970755
FC,k_Q_11,3.41436559488609
FC,k_Q_12,3.62322638390241
FC,k_Q_13,3.71140418923535
FC,k_Q_14,3.62855486467442
FC,k_Q_15,3.31005113654561
FC,k_Q_16,2.67344910228779
FC,k_Q_17,1.61413907790502
FC,c_Q_1,0.200845992225458
FC,c_Q_2,0.232827108232604
FC,c_Q_3,0.269843857090679
FC,c_Q_4,0.312678673345741
FC,c_Q_5,0.362233651813416
FC,c_Q_6,0.419548499680466
FC,c_Q_7,0.4858211190961
FC,c_Q_8,0.562431194450765
FC,c_Q_9,0.650967209773085
FC,c_Q_10,0.75325737957028
FC,c_Q_11,0.87140504179798
FC,c_Q_12,1.00782913536216
FC,c_Q_13,1.16531046761274
FC,c_Q_14,1.34704457076968
FC,c_Q_15,1.55670205132177
FC,c_Q_16,1.79849745446427
FC,c_Q_17,2.07726779802893
FC,lab_Q_1,0
FC,lab_Q_2,0.921715404896927
FC,lab_Q_3,0.916128360993716
FC,lab_Q_4,0.910362571743921
FC,lab_Q_5,0.904396623618407
FC,lab_Q_6,0.89822268852288
FC,lab_Q_7,0.891863606082393
FC,lab_Q_8,0.885386008160272
FC,lab_Q_9,0.878904768426014
FC,w_Q_1,0
FC,w_Q_2,1.01948515620539
FC,w_Q_3,1.02971148510946
FC,w_Q_4,1.03830567211733
FC,w_Q_5,1.04405254224677
FC,w_Q_6,1.04607485247623
FC,w_Q_7,1.04405254224677
FC,w_Q_8,1.03830567211733
FC,w_Q_9,1.02971148510946
FC,beta_Q_2,0.989795918367347
FC,beta_Q_3,0.989587671803415
FC,beta_Q_4,0.989375175309607
FC,beta_Q_5,0.989158342152661
FC,beta_Q_6,0.988937083829246
FC,beta_Q_7,0.988711310029842
FC,beta_Q_8,0.98848092860188
FC,beta_Q_9,0.988245845512122
FC,beta_Q_10,0.988005964808288
FC,beta_Q_11,0.987761188579886
FC,beta_Q_12,0.987511416918251
FC,beta_Q_13,0.987256547875766
FC,beta_Q_14,0.986996477424251
FC,beta_Q_15,0.986731099412501
FC,beta_Q_16,0.986460305522961
FC,beta_Q_17,0.986183985227511
FC,h_Q_2,98
FC,h_Q_3,96.04
FC,h_Q_4,94.1192
FC,h_Q_5,92.236816
FC,h_Q_6,90.39207968
FC,h_Q_7,88.5842380864
FC,h_Q_8,86.812553324672
FC,h_Q_9,85.0763022581786
FC,h_Q_10,83.374776213015
FC,h_Q_11,81.7072806887547
FC,h_Q_12,80.0731350749796
FC,h_Q_13,78.47167237348
FC,h_Q_14,76.9022389260104
FC,h_Q_15,75.3641941474902
FC,h_Q_16,73.8569102645404
FC,h_Q_17,72.3797720592496
FC,lamda_Q_1,4.14170719385162
FC,lamda_Q_2,3.57280257084754
FC,lamda_Q_3,3.08269122678939
FC,lamda_Q_4,2.66038384375719
FC,lamda_Q_5,2.29643294236207
FC,lamda_Q_6,1.98271544646205
FC,lamda_Q_7,1.71224604727793
FC,lamda_Q_8,1.4790169874357
FC,lamda_Q_9,1.27786051028039
FC,lamda_Q_10,1.10433075522072
FC,lamda_Q_11,0.954602338701268
FC,lamda_Q_12,0.825383253638032
FC,lamda_Q_13,0.713840057199991
FC,lamda_Q_14,0.617533605722575
FC,lamda_Q_15,0.534363843196655
FC,lamda_Q_16,0.46252236209264
FC,lamda_Q_17,0.400451637312112
FC,pen_Q_10,0.520288020229337
FC,pen_Q_11,0.520288020229337
FC,pen_Q_12,0.520288020229337
FC,pen_Q_13,0.520288020229337
FC,pen_Q_14,0.520288020229337
FC,pen_Q_15,0.520288020229337
FC,pen_Q_16,0.520288020229337
FC,pen_Q_17,0.520288020229337
FC,P_Q_1,0.527161884201015
FC,P_Q_2,0.521782681301004
FC,P_Q_3,0.516349708776004
FC,P_Q_4,0.510863583641324
FC,P_Q_5,0.505324975460819
FC,P_Q_6,0.499734607618307
FC,P_Q_7,0.494093258565546
FC,P_Q_8,0.4884017630428
FC,P_Q_9,0.482661013267843
FC,P_Q_10,0.476871960089041
FC,P_Q_11,0.471035614097971
FC,P_Q_12,0.465153046696846
FC,P_Q_13,0.459225391115823
FC,P_Q_14,0.453253843375092
FC,P_Q_15,0.447239663186446
FC,P_Q_16,0.441184174788887
FC,P_Q_17,0.435088767712615
FC,welf_Q_1,-13.7332740560793
FC,welf_Q_2,-9.65717014375949
FC,welf_Q_3,-8.0209837243509
FC,welf_Q_4,-6.48921120777579
FC,welf_Q_5,-5.06420590530877
FC,welf_Q_6,-3.74864174796373
FC,welf_Q_7,-2.54546621343631
FC,welf_Q_8,-1.45783803101956
FC,welf_Q_9,-0.489067615121949
FC,welf_Q_10,0.357422825807628
FC,welf_Q_11,0.814892000087803
FC,welf_Q_12,1.14057444693091
FC,welf_Q_13,1.32907702972368
FC,welf_Q_14,1.37466881783657
FC,welf_Q_15,1.27125562015637
FC,welf_Q_16,1.01235241284745
FC,welf_Q_17,0.591053471598936
FC,L_Q,4.63904585749331
FC,MPL_Q,1.09211643288588
FC,penind_Q,0.543914631917302
FC,pi_Q,0.527161884201015
FC,k_NQ_1,0
FC,k_NQ_2,0.245152819327177
FC,k_NQ_3,0.510102034858725
FC,k_NQ_4,0.793534937876798
FC,k_NQ_5,1.09291339841778
FC,k_NQ_6,1.40414966107239
FC,k_NQ_7,1.72122261384513
FC,k_NQ_8,2.03571044768056
FC,k_NQ_9,2.33620675928638
FC,k_NQ_10,2.60757895468882
FC,k_NQ_11,2.83766757810054
FC,k_NQ_12,3.0006568786484
FC,k_NQ_13,3.06486831548212
FC,k_NQ_14,2.98935055360009
FC,k_NQ_15,2.72155319263786
FC,k_NQ_16,2.19445936522245
FC,k_NQ_17,1.32305669644497
FC,c_NQ_1,0.162368358064196
FC,c_NQ_2,0.188222602092684
FC,c_NQ_3,0.218147763488055
FC,c_NQ_4,0.252776379704149
FC,c_NQ_5,0.292837724212685
FC,c_NQ_6,0.339172319380635
FC,c_NQ_7,0.392748575893887
FC,c_NQ_8,0.454681861236956
FC,c_NQ_9,0.526256341156348
FC,c_NQ_10,0.608949984838489
FC,c_NQ_11,0.704463177372102
FC,c_NQ_12,0.814751442659201
FC,c_NQ_13,0.94206284708386
FC,c_NQ_14,1.08898072982029
FC,c_NQ_15,1.25847249062628
FC,c_NQ_16,1.45394526138312
FC,c_NQ_17,1.67930939466776
FC,lab_NQ_1,0.913128966363622
FC,lab_NQ_2,0.906468352407855
FC,lab_NQ_3,0.899557360797382
FC,lab_NQ_4,0.892416906339702
FC,lab_NQ_5,0.885078338637197
FC,lab_NQ_6,0.877588275531707
FC,lab_NQ_7,0.870012812170152
FC,lab_NQ_8,0.86243996443929
FC,lab_NQ_9,0.854979289812165
FC,w_NQ_1,0.626445854484511
FC,w_NQ_2,0.631096429696303
FC,w_NQ_3,0.635183645208353
FC,w_NQ_4,0.638383265868007
FC,w_NQ_5,0.640423981059404
FC,w_NQ_6,0.641125319217601
FC,w_NQ_7,0.640423981059404
FC,w_NQ_8,0.638383265868007
FC,w_NQ_9,0.635183645208353
FC,beta_NQ_2,0.989795918367347
FC,beta_NQ_3,0.989587671803415
FC,beta_NQ_4,0.989375175309607
FC,beta_NQ_5,0.989158342152661
FC,beta_NQ_6,0.988937083829246
FC,beta_NQ_7,0.988711310029842
FC,beta_NQ_8,0.98848092860188
FC,beta_NQ_9,0.988245845512122
FC,beta_NQ_10,0.988005964808288
FC,beta_NQ_11,0.987761188579886
FC,beta_NQ_12,0.987511416918251
FC,beta_NQ_13,0.987256547875766
FC,beta_NQ_14,0.986996477424251
FC,beta_NQ_15,0.986731099412501
FC,beta_NQ_16,0.986460305522961
FC,beta_NQ_17,0.986183985227511
FC,h_NQ_2,98
FC,h_NQ_3,96.04
FC,h_NQ_4,94.1192
FC,h_NQ_5,92.236816
FC,h_NQ_6,90.39207968
FC,h_NQ_7,88.5842380864
FC,h_NQ_8,86.812553324672
FC,h_NQ_9,85.0763022581786
FC,h_NQ_10,83.374776213015
FC,h_NQ_11,81.7072806887547
FC,h_NQ_12,80.0731350749796
FC,h_NQ_13,78.47167237348
FC,h_NQ_14,76.9022389260104
FC,h_NQ_15,75.3641941474902
FC,h_NQ_16,73.8569102645404
FC,h_NQ_17,72.3797720592496
FC,lamda_NQ_1,5.1231982682705
FC,lamda_NQ_2,4.41947609696096
FC,lamda_NQ_3,3.8132194323503
FC,lamda_NQ_4,3.2908347363389
FC,lamda_NQ_5,2.84063569027138
FC,lamda_NQ_6,2.45257423240032
FC,lamda_NQ_7,2.11800969351227
FC,lamda_NQ_8,1.8295106134064
FC,lamda_NQ_9,1.58068459380188
FC,lamda_NQ_10,1.36603220554642
FC,lamda_NQ_11,1.18082153556905
FC,lamda_NQ_12,1.02098044544896
FC,lamda_NQ_13,0.88300403039068
FC,lamda_NQ_14,0.763875124763354
FC,lamda_NQ_15,0.660996006708413
FC,lamda_NQ_16,0.572129716950302
FC,lamda_NQ_17,0.495349632115244
FC,pen_NQ_10,0.393338004928772
FC,pen_NQ_11,0.393338004928772
FC,pen_NQ_12,0.393338004928772
FC,pen_NQ_13,0.393338004928772
FC,pen_NQ_14,0.393338004928772
FC,pen_NQ_15,0.393338004928772
FC,pen_NQ_16,0.393338004928772
FC,pen_NQ_17,0.393338004928772
FC,P_NQ_1,0.472838115798985
FC,P_NQ_2,0.468013237066343
FC,P_NQ_3,0.463140129641662
FC,P_NQ_4,0.458219346957133
FC,P_NQ_5,0.453251489578393
FC,P_NQ_6,0.448237206344917
FC,P_NQ_7,0.4431771954894
FC,P_NQ_8,0.438072205732539
FC,P_NQ_9,0.432923037349514
FC,P_NQ_10,0.427730543204241
FC,P_NQ_11,0.422495629747341
FC,P_NQ_12,0.417219257973565
FC,P_NQ_13,0.411902444334271
FC,P_NQ_14,0.406546261600364
FC,P_NQ_15,0.40115183967097
FC,P_NQ_16,0.395720366322923
FC,P_NQ_17,0.39025308789603
FC,welf_NQ_1,-13.7332740560793
FC,welf_NQ_2,-11.9158060456194
FC,welf_NQ_3,-10.1967956723559
FC,welf_NQ_4,-8.57822538945062
FC,welf_NQ_5,-7.0622825911166
FC,welf_NQ_6,-5.6513531917147
FC,welf_NQ_7,-4.34801327745008
FC,welf_NQ_8,-3.15502165876732
FC,welf_NQ_9,-2.07531608269098
FC,welf_NQ_10,-1.11201536546523
FC,welf_NQ_11,-0.496797973535155
FC,welf_NQ_12,-0.00676359846089964
FC,welf_NQ_13,0.353064823570709
FC,welf_NQ_14,0.577351012964568
FC,welf_NQ_15,0.660421692952943
FC,welf_NQ_16,0.596240978892292
FC,welf_NQ_17,0.378382634298385
FC,L_NQ,3.47344849738161
FC,MPL_NQ,0.892458119351974
FC,penind_NQ,0.411199735245907
FC,pi_NQ,0.472838115798985
FC,Kmig,0
FC,y1,14.9933452710838
FC,cCheck,7.76352054079835
FC,y,22.7568658118822
FC,c,11.25760423641
FC,I,0.447110102129127
FC,g,2.95839255554468
FC,r,0.285386065358597
FC,kbar,22.3555051064563
FC,nbar,22.931075924464
FC,Ptot,15.546317331646
FC,Pret,6.92207189181243
FC,Tw,3.80551902661569
FC,Deped,0.330238376999971
FC,rd,0.285386065358597
FC,H,797.736164317796
FC,R,0.305386065358597
FC,beq,0.0279727860968154
FC,Tc,2.27568658118822
FC,Tk,2.27568658118822
FC,penbase,4.46657218119305
FC,retire,3.1859612136635
FC,Def,-1.94834771818396
FC,D,6.82705974356465
FC,lambc,2.71618842010147
FC,Defratio,-0.0856158196075781
FC,Dratio,0.3
FC,Gratio,0.13
FC,Penratio,0.14
FC,Edratio,0.0116092744837487
FC,Tkratio,0.1
FC,Tcratio,0.1
FC,Twratio,0.167225094091327
FC,rhop,0.956561911922325
FC,tauw,0.279104954586602
FC,tauk,0.273247517820639
FC,tauc,0.20214661427056
FC,v,0.8
FC,A,1
FC,tauf,0.35
FC,xpop,1
FC,lambb,50
FC,lambbb,-50
FC,A_Q,2
FC,h_Q_1,100
FC,mig_Q_2,0
FC,med_Q_2,0
FC,mig_Q_3,0
FC,med_Q_3,0
FC,mig_Q_4,0
FC,med_Q_4,0
FC,mig_Q_5,0
FC,med_Q_5,0
FC,mig_Q_6,0
FC,med_Q_6,0
FC,mig_Q_7,0
FC,med_Q_7,0
FC,mig_Q_8,0
FC,med_Q_8,0
FC,mig_Q_9,0
FC,med_Q_9,0
FC,mig_Q_10,0
FC,med_Q_10,0
FC,mig_Q_11,0
FC,med_Q_11,0
FC,mig_Q_12,0
FC,med_Q_12,0
FC,mig_Q_13,0
FC,med_Q_13,0
FC,mig_Q_14,0
FC,med_Q_14,0
FC,mig_Q_15,0
FC,med_Q_15,0
FC,mig_Q_16,0
FC,med_Q_16,0
FC,mig_Q_17,0
FC,med_Q_17,0
FC,h_NQ_1,100
FC,mig_NQ_2,0
FC,med_NQ_2,0
FC,mig_NQ_3,0
FC,med_NQ_3,0
FC,mig_NQ_4,0
FC,med_NQ_4,0
FC,mig_NQ_5,0
FC,med_NQ_5,0
FC,mig_NQ_6,0
FC,med_NQ_6,0
FC,mig_NQ_7,0
FC,med_NQ_7,0
FC,mig_NQ_8,0
FC,med_NQ_8,0
FC,mig_NQ_9,0
FC,med_NQ_9,0
FC,mig_NQ_10,0
FC,med_NQ_10,0
FC,mig_NQ_11,0
FC,med_NQ_11,0
FC,mig_NQ_12,0
FC,med_NQ_12,0
FC,mig_NQ_13,0
FC,med_NQ_13,0
FC,mig_NQ_14,0
FC,med_NQ_14,0
FC,mig_NQ_15,0
FC,med_NQ_15,0
FC,mig_NQ_16,0
FC,med_NQ_16,0
FC,mig_NQ_17,0
FC,med_NQ_17,0
AS,k_Q_1,0
AS,k_Q_2,-0.329976208995622
AS,k_Q_3,0.00443957941152275
AS,k_Q_4,0.368768939689944
AS,k_Q_5,0.765648246237879
AS,k_Q_6,1.19613586482889
AS,k_Q_7,1.65767808339671
AS,k_Q_8,2.14222045122225
AS,k_Q_9,2.63527200924142
AS,k_Q_10,3.11619565175309
AS,k_Q_11,3.41357685603734
AS,k_Q_12,3.62983359751601
AS,k_Q_13,3.72545785542123
AS,k_Q_14,3.64918664334039
AS,k_Q_15,3.33501213355074
AS,k_Q_16,2.69848731380745
AS,k_Q_17,1.63216835077033
AS,c_Q_1,0.196905701877769
AS,c_Q_2,0.228680246841282
AS,c_Q_3,0.265526352688596
AS,c_Q_4,0.308243083533596
AS,c_Q_5,0.357753474175799
AS,c_Q_6,0.415123408853596
AS,c_Q_7,0.481583310163794
AS,c_Q_8,0.558553044712554
AS,c_Q_9,0.647670508772105
AS,c_Q_10,0.750824421459849
AS,c_Q_11,0.870191925665197
AS,c_Q_12,1.00828167916204
AS,c_Q_13,1.16798321121163
AS,c_Q_14,1.35262342475531
AS,c_Q_15,1.56603124242524
AS,c_Q_16,1.81261152761479
AS,c_Q_17,2.09742956145185
AS,lab_Q_1,0
AS,lab_Q_2,0.920674246625818
AS,lab_Q_3,0.915076897188022
AS,lab_Q_4,0.909712972801006
AS,lab_Q_5,0.904598849603413
AS,lab_Q_6,0.899597412300817
AS,lab_Q_7,0.894454461759699
AS,lab_Q_8,0.888910747903954
AS,lab_Q_9,0.882835423974412
AS,w_Q_1,0
AS,w_Q_2,0.982439002268204
AS,w_Q_3,0.994668750540947
AS,w_Q_4,1.0120195523693
AS,w_Q_5,1.03298062855969
AS,w_Q_6,1.05381174263327
AS,w_Q_7,1.06938863441738
AS,w_Q_8,1.07518516057928
AS,w_Q_9,1.06938863441738
AS,beta_Q_2,0.989795918367347
AS,beta_Q_3,0.989587671803415
AS,beta_Q_4,0.989375175309607
AS,beta_Q_5,0.989158342152661
AS,beta_Q_6,0.988937083829246
AS,beta_Q_7,0.988711310029842
AS,beta_Q_8,0.98848092860188
AS,beta_Q_9,0.988245845512122
AS,beta_Q_10,0.988005964808288
AS,beta_Q_11,0.987761188579886
AS,beta_Q_12,0.987511416918251
AS,beta_Q_13,0.987256547875766
AS,beta_Q_14,0.986996477424251
AS,beta_Q_15,0.986731099412501
AS,beta_Q_16,0.986460305522961
AS,beta_Q_17,0.986183985227511
AS,h_Q_2,98
AS,h_Q_3,96.04
AS,h_Q_4,94.1192
AS,h_Q_5,92.236816
AS,h_Q_6,90.39207968
AS,h_Q_7,88.5842380864
AS,h_Q_8,86.812553324672
AS,h_Q_9,85.0763022581786
AS,h_Q_10,83.374776213015
AS,h_Q_11,81.7072806887547
AS,h_Q_12,80.0731350749796
AS,h_Q_13,78.47167237348
AS,h_Q_14,76.9022389260104
AS,h_Q_15,75.3641941474902
AS,h_Q_16,73.8569102645404
AS,h_Q_17,72.3797720592496
AS,lamda_Q_1,4.22554149310237
AS,lamda_Q_2,3.638413133647
AS,lamda_Q_3,3.13352405547766
AS,lamda_Q_4,2.69927618156039
AS,lamda_Q_5,2.32571665566582
AS,lamda_Q_6,2.00430328853464
AS,lamda_Q_7,1.72770358929172
AS,lamda_Q_8,1.48962255490194
AS,lamda_Q_9,1.28465508656616
AS,lamda_Q_10,1.10815949738986
AS,lamda_Q_11,0.956149085015874
AS,lamda_Q_12,0.825199178670453
AS,lamda_Q_13,0.712367442893166
AS,lamda_Q_14,0.615125539219089
AS,lamda_Q_15,0.531300520048661
AS,lamda_Q_16,0.459024562537044
AS,lamda_Q_17,0.39669185025553
AS,pen_Q_10,0.518654007563957
AS,pen_Q_11,0.518654007563957
AS,pen_Q_12,0.518654007563957
AS,pen_Q_13,0.518654007563957
AS,pen_Q_14,0.518654007563957
AS,pen_Q_15,0.518654007563957
AS,pen_Q_16,0.518654007563957
AS,pen_Q_17,0.518654007563957
AS,P_Q_1,0.526766656635257
AS,P_Q_2,0.521391486669591
AS,P_Q_3,0.515962587391482
AS,P_Q_4,0.510480575353646
AS,P_Q_5,0.504946119617949
AS,P_Q_6,0.499359943025868
AS,P_Q_7,0.493722823445533
AS,P_Q_8,0.488035594991383
AS,P_Q_9,0.482299149212271
AS,P_Q_10,0.476514436243686
AS,P_Q_11,0.470682465919538
AS,P_Q_12,0.464804308838779
AS,P_Q_13,0.458881097381954
AS,P_Q_14,0.452914026672564
AS,P_Q_15,0.446904355477962
AS,P_Q_16,0.440853407044332
AS,P_Q_17,0.434762569860105
AS,welf_Q_1,-13.7890647913654
AS,welf_Q_2,-9.73580764850507
AS,welf_Q_3,-8.08761630330361
AS,welf_Q_4,-6.54496354477655
AS,welf_Q_5,-5.10917822244305
AS,welf_Q_6,-3.78204985111407
AS,welf_Q_7,-2.56612283576616
AS,welf_Q_8,-1.46482751349633
AS,welf_Q_9,-0.482350556966097
AS,welf_Q_10,0.376712959830512
AS,welf_Q_11,0.838401666048544
AS,welf_Q_12,1.16657208341417
AS,welf_Q_13,1.35575588567376
AS,welf_Q_14,1.40014221944817
AS,welf_Q_15,1.29355188259537
AS,welf_Q_16,1.02940936746402
AS,welf_Q_17,0.600712576650804
AS,L_Q,4.64970949083889
AS,MPL_Q,1.08891291621968
AS,penind_Q,0.527894836828258
AS,pi_Q,0.526766656635257
AS,k_NQ_1,0
AS,k_NQ_2,0.233481197679125
AS,k_NQ_3,0.486709340411107
AS,k_NQ_4,0.759870630512013
AS,k_NQ_5,1.05201178150845
AS,k_NQ_6,1.36039108701809
AS,k_NQ_7,1.67978069369549
AS,k_NQ_8,2.00179900878018
AS,k_NQ_9,2.31431237192439
AS,k_NQ_10,2.60086959119118
AS,k_NQ_11,2.83771186011843
AS,k_NQ_12,3.00786164416702
AS,k_NQ_13,3.07909040651673
AS,k_NQ_14,3.0095972136504
AS,k_NQ_15,2.74557577472213
AS,k_NQ_16,2.21820844906874
AS,k_NQ_17,1.33995805655623
AS,c_NQ_1,0.159679582105614
AS,c_NQ_2,0.185446972348683
AS,c_NQ_3,0.215327116640141
AS,c_NQ_4,0.249968011572081
AS,c_NQ_5,0.290118187073552
AS,c_NQ_6,0.336642016030338
AS,c_NQ_7,0.390537302793445
AS,c_NQ_8,0.452955480277994
AS,c_NQ_9,0.525224791342309
AS,c_NQ_10,0.608876882233833
AS,c_NQ_11,0.705677294851304
AS,c_NQ_12,0.817660411242376
AS,c_NQ_13,0.9471694790658
AS,c_NQ_14,1.09690243172986
AS,c_NQ_15,1.2699643127147
AS,c_NQ_16,1.46992722145258
AS,c_NQ_17,1.70089881945881
AS,lab_NQ_1,0.912093070273071
AS,lab_NQ_2,0.905534981562645
AS,lab_NQ_3,0.898988926805269
AS,lab_NQ_4,0.89248474068505
AS,lab_NQ_5,0.885998889596048
AS,lab_NQ_6,0.879461521906695
AS,lab_NQ_7,0.872783028828947
AS,lab_NQ_8,0.865892732990744
AS,lab_NQ_9,0.858778279603065
AS,w_NQ_1,0.605963996792313
AS,w_NQ_2,0.613071994566159
AS,w_NQ_3,0.621805946757907
AS,w_NQ_4,0.631557458767048
AS,w_NQ_5,0.64128350256002
AS,w_NQ_6,0.649655219578753
AS,w_NQ_7,0.655343355098248
AS,w_NQ_8,0.657361027830978
AS,w_NQ_9,0.655343355098248
AS,beta_NQ_2,0.989795918367347
AS,beta_NQ_3,0.989587671803415
AS,beta_NQ_4,0.989375175309607
AS,beta_NQ_5,0.989158342152661
AS,beta_NQ_6,0.988937083829246
AS,beta_NQ_7,0.988711310029842
AS,beta_NQ_8,0.98848092860188
AS,beta_NQ_9,0.988245845512122
AS,beta_NQ_10,0.988005964808288
AS,beta_NQ_11,0.987761188579886
AS,beta_NQ_12,0.987511416918251
AS,beta_NQ_13,0.987256547875766
AS,beta_NQ_14,0.986996477424251
AS,beta_NQ_15,0.986731099412501
AS,beta_NQ_16,0.986460305522961
AS,beta_NQ_17,0.986183985227511
AS,h_NQ_2,98
AS,h_NQ_3,96.04
AS,h_NQ_4,94.1192
AS,h_NQ_5,92.236816
AS,h_NQ_6,90.39207968
AS,h_NQ_7,88.5842380864
AS,h_NQ_8,86.812553324672
AS,h_NQ_9,85.0763022581786
AS,h_NQ_10,83.374776213015
AS,h_NQ_11,81.7072806887547
AS,h_NQ_12,80.0731350749796
AS,h_NQ_13,78.47167237348
AS,h_NQ_14,76.9022389260104
AS,h_NQ_15,75.3641941474902
AS,h_NQ_16,73.8569102645404
AS,h_NQ_17,72.3797720592496
AS,lamda_NQ_1,5.21064247877695
AS,lamda_NQ_2,4.48663681577101
AS,lamda_NQ_3,3.86404288737767
AS,lamda_NQ_4,3.32855875549884
AS,lamda_NQ_5,2.86791125336086
AS,lamda_NQ_6,2.47156675011688
AS,lamda_NQ_7,2.13048333043097
AS,lamda_NQ_8,1.83689843646944
AS,lamda_NQ_9,1.58414687811385
AS,lamda_NQ_10,1.36650485145762
AS,lamda_NQ_11,1.17905623375377
AS,lamda_NQ_12,1.01757796032795
AS,lamda_NQ_13,0.878441748707506
AS,lamda_NQ_14,0.758529828583564
AS,lamda_NQ_15,0.655162672826907
AS,lamda_NQ_16,0.566037012833016
AS,lamda_NQ_17,0.48917266800014
AS,pen_NQ_10,0.39554026150751
AS,pen_NQ_11,0.39554026150751
AS,pen_NQ_12,0.39554026150751
AS,pen_NQ_13,0.39554026150751
AS,pen_NQ_14,0.39554026150751
AS,pen_NQ_15,0.39554026150751
AS,pen_NQ_16,0.39554026150751
AS,pen_NQ_17,0.39554026150751
AS,P_NQ_1,0.473233343364743
AS,P_NQ_2,0.468404431697756
AS,P_NQ_3,0.463527251026184
AS,P_NQ_4,0.458602355244811
AS,P_NQ_5,0.453630345421263
AS,P_NQ_6,0.448611870937357
AS,P_NQ_7,0.443547630609413
AS,P_NQ_8,0.438438373783956
AS,P_NQ_9,0.433284901405086
AS,P_NQ_10,0.428088067049596
AS,P_NQ_11,0.422848777925775
AS,P_NQ_12,0.417567995831632
AS,P_NQ_13,0.41224673806814
AS,P_NQ_14,0.406886078302892
AS,P_NQ_15,0.401487147379454
AS,P_NQ_16,0.396051134067478
AS,P_NQ_17,0.39057928574854
AS,welf_NQ_1,-13.7890647913654
AS,welf_NQ_2,-11.9594465505745
AS,welf_NQ_3,-10.2291441539242
AS,welf_NQ_4,-8.59966855129912
AS,welf_NQ_5,-7.07284688443158
AS,welf_NQ_6,-5.65090496418767
AS,welf_NQ_7,-4.33650846777818
AS,welf_NQ_8,-3.13274857653856
AS,welf_NQ_9,-2.0430757303511
AS,welf_NQ_10,-1.07120168231592
AS,welf_NQ_11,-0.454075370444024
AS,welf_NQ_12,0.0360396355162037
AS,welf_NQ_13,0.394039787238617
AS,welf_NQ_14,0.614503101740051
AS,welf_NQ_15,0.691665125894476
AS,welf_NQ_16,0.619392912490616
AS,welf_NQ_17,0.391156828669138
AS,L_NQ,3.49846044533828
AS,MPL_NQ,0.887672114620005
AS,penind_NQ,0.40258758008682
AS,pi_NQ,0.473233343364743
AS,Kmig,0
AS,y1,14.9976212823096
AS,cCheck,7.76573464981698
AS,y,22.7633559321266
AS,c,11.2759603149346
AS,I,0.44322306756699
AS,g,2.95923627117646
AS,r,0.288152137348121
AS,kbar,22.1611533783495
AS,nbar,23.0264265117469
AS,Ptot,15.546317331646
AS,Pret,6.92207189181243
AS,Tw,3.81658911767167
AS,Deped,0.319201628631624
AS,rd,0.288152137348121
AS,H,797.736164317796
AS,R,0.308152137348121
AS,beq,0.027872650096803
AS,Tc,2.27633559321266
AS,Tk,2.27633559321266
AS,penbase,4.46182267450117
AS,retire,3.18686983049773
AS,Def,-1.96779289951751
AS,D,6.82900677963798
AS,lambc,2.6766656635257
AS,Defratio,-0.0864456412044368
AS,Dratio,0.3
AS,Gratio,0.13
AS,Penratio,0.14
AS,Edratio,0.01121808680876
AS,Tkratio,0.1
AS,Tcratio,0.1
AS,Twratio,0.167663728013197
AS,rhop,0.982494942894628
AS,tauw,0.280755106287802
AS,tauk,0.272498320067457
AS,tauc,0.201875097963741
AS,v,0.8
AS,A,1
AS,tauf,0.35
AS,xpop,1
AS,lambb,50
AS,lambbb,-50
AS,A_Q,2
AS,h_Q_1,100
AS,mig_Q_2,0
AS,med_Q_2,0
AS,mig_Q_3,0
AS,med_Q_3,0
AS,mig_Q_4,0
AS,med_Q_4,0
AS,mig_Q_5,0
AS,med_Q_5,0
AS,mig_Q_6,0
AS,med_Q_6,0
AS,mig_Q_7,0
AS,med_Q_7,0
AS,mig_Q_8,0
AS,med_Q_8,0
AS,mig_Q_9,0
AS,med_Q_9,0
AS,mig_Q_10,0
AS,med_Q_10,0
AS,mig_Q_11,0
AS,med_Q_11,0
AS,mig_Q_12,0
AS,med_Q_12,0
AS,mig_Q_13,0
AS,med_Q_13,0
AS,mig_Q_14,0
AS,med_Q_14,0
AS,mig_Q_15,0
AS,med_Q_15,0
AS,mig_Q_16,0
AS,med_Q_16,0
AS,mig_Q_17,0
AS,med_Q_17,0
AS,h_NQ_1,100
AS,mig_NQ_2,0
AS,med_NQ_2,0
AS,mig_NQ_3,0
AS,med_NQ_3,0
AS,mig_NQ_4,0
AS,med_NQ_4,0
AS,mig_NQ_5,0
AS,med_NQ_5,0
AS,mig_NQ_6,0
AS,med_NQ_6,0
AS,mig_NQ_7,0
AS,med_NQ_7,0
AS,mig_NQ_8,0
AS,med_NQ_8,0
AS,mig_NQ_9,0
AS,med_NQ_9,0
AS,mig_NQ_10,0
AS,med_NQ_10,0
AS,mig_NQ_11,0
AS,med_NQ_11,0
AS,mig_NQ_12,0
AS,med_NQ_12,0
AS,mig_NQ_13,0
AS,med_NQ_13,0
AS,mig_NQ_14,0
AS,med_NQ_14,0
AS,mig_NQ_15,0
AS,med_NQ_15,0
AS,mig_NQ_16,0
AS,med_NQ_16,0
AS,mig_NQ_17,0
AS,med_NQ_17,0
bo,k_Q_1,0
bo,k_Q_2,-0.338708191605471
bo,k_Q_3,0.00686288471532252
bo,k_Q_4,0.38575818926534
bo,k_Q_5,0.798744054198386
bo,k_Q_6,1.2437112843931
bo,k_Q_7,1.71459378543756
bo,k_Q_8,2.2008004495144
bo,k_Q_9,2.6900565847769
bo,k_Q_10,3.16848883727936
bo,k_Q_11,3.46765703797084
bo,k_Q_12,3.68415536940177
bo,k_Q_13,3.77810140002184
bo,k_Q_14,3.69781725529038
bo,k_Q_15,3.37684558088208
bo,k_Q_16,2.73026602969307
bo,k_Q_17,1.65015536166593
bo,c_Q_1,0.201652043803473
bo,c_Q_2,0.234012727207322
bo,c_Q_3,0.271509447194885
bo,c_Q_4,0.314946760754563
bo,c_Q_5,0.365253305782728
bo,c_Q_6,0.423500579797377
bo,c_Q_7,0.490924495730467
bo,c_Q_8,0.568950113774996
bo,c_Q_9,0.659220003487029
bo,c_Q_10,0.763626752838194
bo,c_Q_11,0.884350211572293
bo,c_Q_12,1.02390013602955
bo,c_Q_13,1.18516499265895
bo,c_Q_14,1.3714677789535
bo,c_Q_15,1.58662983484939
bo,c_Q_16,1.83504374619725
bo,c_Q_17,2.12175658635178
bo,lab_Q_1,0
bo,lab_Q_2,0.920893887435441
bo,lab_Q_3,0.915500159939912
bo,lab_Q_4,0.910142537503542
bo,lab_Q_5,0.904733339150766
bo,lab_Q_6,0.899134375446249
bo,lab_Q_7,0.893215736381244
bo,lab_Q_8,0.887212570089919
bo,lab_Q_9,0.8814780717489
bo,w_Q_1,0
bo,w_Q_2,1.00925345103809
bo,w_Q_3,1.02471604650436
bo,w_Q_4,1.04177333078164
bo,w_Q_5,1.05760803908861
bo,w_Q_6,1.06892282742694
bo,w_Q_7,1.07303875410073
bo,w_Q_8,1.07303875410073
bo,w_Q_9,1.07303875410073
bo,beta_Q_2,0.989795918367347
bo,beta_Q_3,0.989587671803415
bo,beta_Q_4,0.989375175309607
bo,beta_Q_5,0.989158342152661
bo,beta_Q_6,0.988937083829246
bo,beta_Q_7,0.988711310029842
bo,beta_Q_8,0.98848092860188
bo,beta_Q_9,0.988245845512122
bo,beta_Q_10,0.988005964808288
bo,beta_Q_11,0.987761188579886
bo,beta_Q_12,0.987511416918251
bo,beta_Q_13,0.987256547875766
bo,beta_Q_14,0.986996477424251
bo,beta_Q_15,0.986731099412501
bo,beta_Q_16,0.986460305522961
bo,beta_Q_17,0.986183985227511
bo,h_Q_2,98
bo,h_Q_3,96.04
bo,h_Q_4,94.1192
bo,h_Q_5,92.236816
bo,h_Q_6,90.39207968
bo,h_Q_7,88.5842380864
bo,h_Q_8,86.812553324672
bo,h_Q_9,85.0763022581786
bo,h_Q_10,83.374776213015
bo,h_Q_11,81.7072806887547
bo,h_Q_12,80.0731350749796
bo,h_Q_13,78.47167237348
bo,h_Q_14,76.9022389260104
bo,h_Q_15,75.3641941474902
bo,h_Q_16,73.8569102645404
bo,h_Q_17,72.3797720592496
bo,lamda_Q_1,4.12572735659399
bo,lamda_Q_2,3.55519703378617
bo,lamda_Q_3,3.0642077549535
bo,lamda_Q_4,2.64159361933561
bo,lamda_Q_5,2.27776543146886
bo,lamda_Q_6,1.96448692949026
bo,lamda_Q_7,1.69468291128423
bo,lamda_Q_8,1.46227469422023
bo,lamda_Q_9,1.26203899949586
bo,lamda_Q_10,1.0894869130209
bo,lamda_Q_11,0.940760054969664
bo,lamda_Q_12,0.812541501243048
bo,lamda_Q_13,0.701979352079077
bo,lamda_Q_14,0.606621144456923
bo,lamda_Q_15,0.524357563044606
bo,lamda_Q_16,0.453374125483595
bo,lamda_Q_17,0.392109707121278
bo,pen_Q_10,0.527400462478345
bo,pen_Q_11,0.527400462478345
bo,pen_Q_12,0.527400462478345
bo,pen_Q_13,0.527400462478345
bo,pen_Q_14,0.527400462478345
bo,pen_Q_15,0.527400462478345
bo,pen_Q_16,0.527400462478345
bo,pen_Q_17,0.527400462478345
bo,P_Q_1,0.526833988372781
bo,P_Q_2,0.521458131348569
bo,P_Q_3,0.51602853814419
bo,P_Q_4,0.510545825391169
bo,P_Q_5,0.50501066223689
bo,P_Q_6,0.499423771615226
bo,P_Q_7,0.493785931493735
bo,P_Q_8,0.488097976093471
bo,P_Q_9,0.482360797077248
bo,P_Q_10,0.476575344702002
bo,P_Q_11,0.470742628930718
bo,P_Q_12,0.464863720499196
bo,P_Q_13,0.458939751932721
bo,P_Q_14,0.452971918507555
bo,P_Q_15,0.44696147915195
bo,P_Q_16,0.440909757281227
bo,P_Q_17,0.434818141561295
bo,welf_Q_1,-13.562705735891
bo,welf_Q_2,-9.51783757124945
bo,welf_Q_3,-7.88383582219117
bo,welf_Q_4,-6.35459103550988
bo,welf_Q_5,-4.93203089635163
bo,welf_Q_6,-3.61867525401817
bo,welf_Q_7,-2.4176631534237
bo,welf_Q_8,-1.33264319020591
bo,welf_Q_9,-0.367008207490648
bo,welf_Q_10,0.476172205529713
bo,welf_Q_11,0.924561260940983
bo,welf_Q_12,1.23967079229908
bo,welf_Q_13,1.41603673639971
bo,welf_Q_14,1.4478526873642
bo,welf_Q_15,1.32894409045689
bo,welf_Q_16,1.05274030213604
bo,welf_Q_17,0.612244324071473
bo,L_Q,4.71683839045852
bo,MPL_Q,1.09052522386372
bo,penind_Q,0.543248876447258
bo,pi_Q,0.526833988372781
bo,k_NQ_1,0
bo,k_NQ_2,0.241464886915988
bo,k_NQ_3,0.503785661292723
bo,k_NQ_4,0.786412748345342
bo,k_NQ_5,1.08739480235705
bo,k_NQ_6,1.40290897346086
bo,k_NQ_7,1.72678692125115
bo,k_NQ_8,2.05003708194357
bo,k_NQ_9,2.36131142175141
bo,k_NQ_10,2.64633528812149
bo,k_NQ_11,2.88422145632445
bo,k_NQ_12,3.05414441372419
bo,k_NQ_13,3.12357902535802
bo,k_NQ_14,3.05039808697851
bo,k_NQ_15,2.78044502130025
bo,k_NQ_16,2.24453782357894
bo,k_NQ_17,1.35477669914014
bo,c_NQ_1,0.163440938311921
bo,c_NQ_2,0.189669586235394
bo,c_NQ_3,0.220061041649422
bo,c_NQ_4,0.255267405801159
bo,c_NQ_5,0.296041348716472
bo,c_NQ_6,0.343251329531343
bo,c_NQ_7,0.397899067670365
bo,c_NQ_8,0.461139588248667
bo,c_NQ_9,0.534304209830819
bo,c_NQ_10,0.618926893333337
bo,c_NQ_11,0.71677442812671
bo,c_NQ_12,0.829880996079146
bo,c_NQ_13,0.960587727277019
bo,c_NQ_14,1.11158794343453
bo,c_NQ_15,1.28597887765201
bo,c_NQ_16,1.48732076338673
bo,c_NQ_17,1.71970430256916
bo,lab_NQ_1,0.912422225830462
bo,lab_NQ_2,0.905942731708863
bo,lab_NQ_3,0.899340098280912
bo,lab_NQ_4,0.892606038153776
bo,lab_NQ_5,0.885716043116261
bo,lab_NQ_6,0.878643659267925
bo,lab_NQ_7,0.871379722185695
bo,lab_NQ_8,0.864148985294862
bo,lab_NQ_9,0.857241855305057
bo,w_NQ_1,0.623429062365438
bo,w_NQ_2,0.630935455346618
bo,w_NQ_3,0.638793953125192
bo,w_NQ_4,0.646238558230001
bo,w_NQ_5,0.652403777177769
bo,w_NQ_6,0.656486246860264
bo,w_NQ_7,0.657915842810863
bo,w_NQ_8,0.657915842810863
bo,w_NQ_9,0.657915842810863
bo,beta_NQ_2,0.989795918367347
bo,beta_NQ_3,0.989587671803415
bo,beta_NQ_4,0.989375175309607
bo,beta_NQ_5,0.989158342152661
bo,beta_NQ_6,0.988937083829246
bo,beta_NQ_7,0.988711310029842
bo,beta_NQ_8,0.98848092860188
bo,beta_NQ_9,0.988245845512122
bo,beta_NQ_10,0.988005964808288
bo,beta_NQ_11,0.987761188579886
bo,beta_NQ_12,0.987511416918251
bo,beta_NQ_13,0.987256547875766
bo,beta_NQ_14,0.986996477424251
bo,beta_NQ_15,0.986731099412501
bo,beta_NQ_16,0.986460305522961
bo,beta_NQ_17,0.986183985227511
bo,h_NQ_2,98
bo,h_NQ_3,96.04
bo,h_NQ_4,94.1192
bo,h_NQ_5,92.236816
bo,h_NQ_6,90.39207968
bo,h_NQ_7,88.5842380864
bo,h_NQ_8,86.812553324672
bo,h_NQ_9,85.0763022581786
bo,h_NQ_10,83.374776213015
bo,h_NQ_11,81.7072806887547
bo,h_NQ_12,80.0731350749796
bo,h_NQ_13,78.47167237348
bo,h_NQ_14,76.9022389260104
bo,h_NQ_15,75.3641941474902
bo,h_NQ_16,73.8569102645404
bo,h_NQ_17,72.3797720592496
bo,lamda_NQ_1,5.09028742816055
bo,lamda_NQ_2,4.38637195374153
bo,lamda_NQ_3,3.78059354490279
bo,lamda_NQ_4,3.25917580796872
bo,lamda_NQ_5,2.81028767488892
bo,lamda_NQ_6,2.42376731561712
bo,lamda_NQ_7,2.09088540577808
bo,lamda_NQ_8,1.80414211828702
bo,lamda_NQ_9,1.55709301604891
bo,lamda_NQ_10,1.34419971492341
bo,lamda_NQ_11,1.16070177859911
bo,lamda_NQ_12,1.00250681424871
bo,lamda_NQ_13,0.866096172128839
bo,lamda_NQ_14,0.748444024160283
bo,lamda_NQ_15,0.646947914972573
bo,lamda_NQ_16,0.559369151617815
bo,lamda_NQ_17,0.483781631737309
bo,pen_NQ_10,0.401167055132332
bo,pen_NQ_11,0.401167055132332
bo,pen_NQ_12,0.401167055132332
bo,pen_NQ_13,0.401167055132332
bo,pen_NQ_14,0.401167055132332
bo,pen_NQ_15,0.401167055132332
bo,pen_NQ_16,0.401167055132332
bo,pen_NQ_17,0.401167055132332
bo,P_NQ_1,0.473166011627219
bo,P_NQ_2,0.468337787018778
bo,P_NQ_3,0.463461300273476
bo,P_NQ_4,0.458537105207289
bo,P_NQ_5,0.453565802802322
bo,P_NQ_6,0.448548042347999
bo,P_NQ_7,0.443484522561211
bo,P_NQ_8,0.438375992681867
bo,P_NQ_9,0.433223253540108
bo,P_NQ_10,0.42802715859128
bo,P_NQ_11,0.422788614914594
bo,P_NQ_12,0.417508584171216
bo,P_NQ_13,0.412188083517373
bo,P_NQ_14,0.4068281864679
bo,P_NQ_15,0.401430023705466
bo,P_NQ_16,0.395994783830583
bo,P_NQ_17,0.390523714047351
bo,welf_NQ_1,-13.562705735891
bo,welf_NQ_2,-11.747007595282
bo,welf_NQ_3,-10.0302581842613
bo,welf_NQ_4,-8.4142896044456
bo,welf_NQ_5,-6.90125321902621
bo,welf_NQ_6,-5.49362948906419
bo,welf_NQ_7,-4.19420976580039
bo,welf_NQ_8,-3.00605549012997
bo,welf_NQ_9,-1.932158929055
bo,welf_NQ_10,-0.975447401174676
bo,welf_NQ_11,-0.371223002009466
bo,welf_NQ_12,0.106245506293795
bo,welf_NQ_13,0.451859771862279
bo,welf_NQ_14,0.660203254265757
bo,welf_NQ_15,0.725517209056008
bo,welf_NQ_16,0.641674685567392
bo,welf_NQ_17,0.40215235896921
bo,L_NQ,3.54658634182895
bo,MPL_NQ,0.889284959398048
bo,penind_NQ,0.413222148001133
bo,pi_NQ,0.473166011627219
bo,Kmig,0
bo,y1,15.2347278636384
bo,cCheck,7.88850790559026
bo,y,23.1232357692287
bo,c,11.4483417656998
bo,I,0.451921828545924
bo,g,3.00602064999973
bo,r,0.286998701657512
bo,kbar,22.5960914272962
bo,nbar,23.3529028142202
bo,Ptot,15.546317331646
bo,Pret,6.92207189181243
bo,Tw,3.87228299254119
bo,Deped,0.328443619392955
bo,rd,0.286998701657512
bo,H,797.736164317796
bo,R,0.306998701657512
bo,beq,0.028359124427349
bo,Tc,2.31232357692287
bo,Tk,2.31232357692287
bo,penbase,4.53558376441906
bo,retire,3.23725300769202
bo,Def,-1.99090159318081
bo,D,6.9369707307686
bo,lambc,2.68339883727813
bo,Defratio,-0.0860996104978618
bo,Dratio,0.3
bo,Gratio,0.13
bo,Penratio,0.14
bo,Edratio,0.0113632407737686
bo,Tkratio,0.1
bo,Tcratio,0.1
bo,Twratio,0.16746285127163
bo,rhop,0.970826605147849
bo,tauw,0.279999402994548
bo,tauk,0.272809943637667
bo,tauc,0.201978908757777
bo,v,0.8
bo,A,1
bo,tauf,0.35
bo,xpop,1
bo,lambb,50
bo,lambbb,-50
bo,A_Q,2
bo,h_Q_1,100
bo,mig_Q_2,0
bo,med_Q_2,0
bo,mig_Q_3,0
bo,med_Q_3,0
bo,mig_Q_4,0
bo,med_Q_4,0
bo,mig_Q_5,0
bo,med_Q_5,0
bo,mig_Q_6,0
bo,med_Q_6,0
bo,mig_Q_7,0
bo,med_Q_7,0
bo,mig_Q_8,0
bo,med_Q_8,0
bo,mig_Q_9,0
bo,med_Q_9,0
bo,mig_Q_10,0
bo,med_Q_10,0
bo,mig_Q_11,0
bo,med_Q_11,0
bo,mig_Q_12,0
bo,med_Q_12,0
bo,mig_Q_13,0
bo,med_Q_13,0
bo,mig_Q_14,0
bo,med_Q_14,0
bo,mig_Q_15,0
bo,med_Q_15,0
bo,mig_Q_16,0
bo,med_Q_16,0
bo,mig_Q_17,0
bo,med_Q_17,0
bo,h_NQ_1,100
bo,mig_NQ_2,0
bo,med_NQ_2,0
bo,mig_NQ_3,0
bo,med_NQ_3,0
bo,mig_NQ_4,0
bo,med_NQ_4,0
bo,mig_NQ_5,0
bo,med_NQ_5,0
bo,mig_NQ_6,0
bo,med_NQ_6,0
bo,mig_NQ_7,0
bo,med_NQ_7,0
bo,mig_NQ_8,0
bo,med_NQ_8,0
bo,mig_NQ_9,0
bo,med_NQ_9,0
bo,mig_NQ_10,0
bo,med_NQ_10,0
bo,mig_NQ_11,0
bo,med_NQ_11,0
bo,mig_NQ_12,0
bo,med_NQ_12,0
bo,mig_NQ_13,0
bo,med_NQ_13,0
bo,mig_NQ_14,0
bo,med_NQ_14,0
bo,mig_NQ_15,0
bo,med_NQ_15,0
bo,mig_NQ_16,0
bo,med_NQ_16,0
bo,mig_NQ_17,0
bo,med_NQ_17,0
