variable,value,model
k_Q_1,0,base
k_Q_2,-0.33200318714186,base
k_Q_3,-0.104225722203813,base
k_Q_4,0.14997645483816,base
k_Q_5,0.425870528347458,base
k_Q_6,0.721114919575054,base
k_Q_7,1.03438411950546,base
k_Q_8,1.36486422608865,base
k_Q_9,1.71202377380153,base
k_Q_10,2.07549364251295,base
k_Q_11,1.98737984215192,base
k_Q_12,1.86257701512612,base
k_Q_13,1.69579735017819,base
k_Q_14,1.48113517980463,base
k_Q_15,1.21200048371833,base
k_Q_16,0.881045479457165,base
k_Q_17,0.480083589365514,base
c_Q_1,0.251205384951973,base
c_Q_2,0.266332610334766,base
c_Q_3,0.282311365352539,base
c_Q_4,0.299184513623358,base
c_Q_5,0.316996643516977,base
c_Q_6,0.33579409934274,base
c_Q_7,0.355625009196089,base
c_Q_8,0.37653930900036,base
c_Q_9,0.398588762244624,base
c_Q_10,0.421826974882656,base
c_Q_11,0.446309404793029,base
c_Q_12,0.472093365226612,base
c_Q_13,0.499238021513448,base
c_Q_14,0.527804380361889,base
c_Q_15,0.557855270979299,base
c_Q_16,0.589455317219721,base
c_Q_17,0.622670899920038,base
lab_Q_1,0,base
lab_Q_2,0.906291537919464,base
lab_Q_3,0.905950664013523,base
lab_Q_4,0.904959410631871,base
lab_Q_5,0.903651478705872,base
lab_Q_6,0.90217187656559,base
lab_Q_7,0.900598796505922,base
lab_Q_8,0.898981008748449,base
lab_Q_9,0.89735238078843,base
w_Q_1,0,base
w_Q_2,0.556954130369221,base
w_Q_3,0.578072839657352,base
w_Q_4,0.59305680235605,base
w_Q_5,0.604679266769113,base
w_Q_6,0.614175511644181,base
w_Q_7,0.622204472284047,base
w_Q_8,0.629159474342879,base
w_Q_9,0.635294220932312,base
beta_Q_2,0.989795918367347,base
beta_Q_3,0.989587671803415,base
beta_Q_4,0.989375175309607,base
beta_Q_5,0.989158342152661,base
beta_Q_6,0.988937083829246,base
beta_Q_7,0.988711310029842,base
beta_Q_8,0.98848092860188,base
beta_Q_9,0.988245845512122,base
beta_Q_10,0.988005964808288,base
beta_Q_11,0.987761188579886,base
beta_Q_12,0.987511416918251,base
beta_Q_13,0.987256547875766,base
beta_Q_14,0.986996477424251,base
beta_Q_15,0.986731099412501,base
beta_Q_16,0.986460305522961,base
beta_Q_17,0.986183985227511,base
h_Q_2,98,base
h_Q_3,96.04,base
h_Q_4,94.1192,base
h_Q_5,92.236816,base
h_Q_6,90.39207968,base
h_Q_7,88.5842380864,base
h_Q_8,86.812553324672,base
h_Q_9,85.0763022581786,base
h_Q_10,83.374776213015,base
h_Q_11,81.7072806887547,base
h_Q_12,80.0731350749796,base
h_Q_13,78.47167237348,base
h_Q_14,76.9022389260104,base
h_Q_15,75.3641941474902,base
h_Q_16,73.8569102645404,base
h_Q_17,72.3797720592496,base
lamda_Q_1,3.54389151894091,base
lamda_Q_2,3.34260474175926,base
lamda_Q_3,3.15341415989391,base
lamda_Q_4,2.97557067197915,base
lamda_Q_5,2.80837253592726,base
lamda_Q_6,2.65116233267475,base
lamda_Q_7,2.50332412655816,base
lamda_Q_8,2.36428080949525,base
lamda_Q_9,2.23349161698779,base
lamda_Q_10,2.11044980474794,base
lamda_Q_11,1.99468047548388,base
lamda_Q_12,1.88573854606567,base
lamda_Q_13,1.78320684593319,base
lamda_Q_14,1.68669433820567,base
lamda_Q_15,1.59583445551224,base
lamda_Q_16,1.51028354308425,base
lamda_Q_17,1.42971940213851,base
pen_Q_10,0.157225751132845,base
pen_Q_11,0.157225751132845,base
pen_Q_12,0.157225751132845,base
pen_Q_13,0.157225751132845,base
pen_Q_14,0.157225751132845,base
pen_Q_15,0.157225751132845,base
pen_Q_16,0.157225751132845,base
pen_Q_17,0.157225751132845,base
P_Q_1,0.538581149206332,base
P_Q_2,0.533085423194023,base
P_Q_3,0.527534762810911,base
P_Q_4,0.521929798437958,base
P_Q_5,0.516271214142962,base
P_Q_6,0.510559748979525,base
P_Q_7,0.504796198262054,base
P_Q_8,0.498981414812774,base
P_Q_9,0.493116310176484,base
P_Q_10,0.487201855798621,base
P_Q_11,0.481239084161972,base
P_Q_12,0.47522908987723,base
P_Q_13,0.469173030722336,base
P_Q_14,0.463072128625406,base
P_Q_15,0.456927670585834,base
P_Q_16,0.450741009527997,base
P_Q_17,0.444513565081791,base
welf_Q_1,-19.840286971372,base
welf_Q_2,-15.0616153789797,base
welf_Q_3,-13.8360934146376,base
welf_Q_4,-12.6236486645044,base
welf_Q_5,-11.4257617245841,base
welf_Q_6,-10.2430786827568,base
welf_Q_7,-9.07587254092562,base
welf_Q_8,-7.92421125365305,base
welf_Q_9,-6.78803304698701,base
welf_Q_10,-5.66718478695678,base
welf_Q_11,-4.86784961270352,base
welf_Q_12,-4.09350014487842,base
welf_Q_13,-3.34460286465844,base
welf_Q_14,-2.62164794703127,base
welf_Q_15,-1.92515123362812,base
welf_Q_16,-1.25565637390027,base
welf_Q_17,-0.613737149726076,base
L_Q,4.29426834016163,base
MPL_Q,0.703149468816229,base
penind_Q,0.459744778341981,base
pi_Q,0.538581149206332,base
k_NQ_1,0,base
k_NQ_2,0.102945474428043,base
k_NQ_3,0.235080393166818,base
k_NQ_4,0.38538169429368,base
k_NQ_5,0.549520434804993,base
k_NQ_6,0.725156873583283,base
k_NQ_7,0.910776629271218,base
k_NQ_8,1.10526138028206,base
k_NQ_9,1.30769166832171,base
k_NQ_10,1.51724146305809,base
k_NQ_11,1.45366941453065,base
k_NQ_12,1.36310895745119,base
k_NQ_13,1.24166348549406,base
k_NQ_14,1.08498086512903,base
k_NQ_15,0.888204403344774,base
k_NQ_16,0.645918718125186,base
k_NQ_17,0.352089987619827,base
c_NQ_1,0.185971687480863,base
c_NQ_2,0.197170633316199,base
c_NQ_3,0.208999981093518,base
c_NQ_4,0.221491463638832,base
c_NQ_5,0.234678090620412,base
c_NQ_6,0.248594171618811,base
c_NQ_7,0.263275336733336,base
c_NQ_8,0.278758554381206,base
c_NQ_9,0.295082145917906,base
c_NQ_10,0.312285796678513,base
c_NQ_11,0.330410563004465,base
c_NQ_12,0.349498874801811,base
c_NQ_13,0.369594533123668,base
c_NQ_14,0.390742702257525,base
c_NQ_15,0.41298989575473,base
c_NQ_16,0.436383955811968,base
c_NQ_17,0.460974025383884,base
lab_NQ_1,0.889812774989557,base
lab_NQ_2,0.893458594419573,base
lab_NQ_3,0.894074694756863,base
lab_NQ_4,0.893620992814564,base
lab_NQ_5,0.89264854739075,base
lab_NQ_6,0.891389734908763,base
lab_NQ_7,0.889966044470309,base
lab_NQ_8,0.888450717327612,base
lab_NQ_9,0.886892785228212,base
w_NQ_1,0.309472381038904,base
w_NQ_2,0.340116653664374,base
w_NQ_3,0.35804240401215,base
w_NQ_4,0.370760926289844,base
w_NQ_5,0.380626178595371,base
w_NQ_6,0.38868667663762,base
w_NQ_7,0.395501730626893,base
w_NQ_8,0.401405198915314,base
w_NQ_9,0.406612426985396,base
beta_NQ_2,0.989795918367347,base
beta_NQ_3,0.989587671803415,base
beta_NQ_4,0.989375175309607,base
beta_NQ_5,0.989158342152661,base
beta_NQ_6,0.988937083829246,base
beta_NQ_7,0.988711310029842,base
beta_NQ_8,0.98848092860188,base
beta_NQ_9,0.988245845512122,base
beta_NQ_10,0.988005964808288,base
beta_NQ_11,0.987761188579886,base
beta_NQ_12,0.987511416918251,base
beta_NQ_13,0.987256547875766,base
beta_NQ_14,0.986996477424251,base
beta_NQ_15,0.986731099412501,base
beta_NQ_16,0.986460305522961,base
beta_NQ_17,0.986183985227511,base
h_NQ_2,98,base
h_NQ_3,96.04,base
h_NQ_4,94.1192,base
h_NQ_5,92.236816,base
h_NQ_6,90.39207968,base
h_NQ_7,88.5842380864,base
h_NQ_8,86.812553324672,base
h_NQ_9,85.0763022581786,base
h_NQ_10,83.374776213015,base
h_NQ_11,81.7072806887547,base
h_NQ_12,80.0731350749796,base
h_NQ_13,78.47167237348,base
h_NQ_14,76.9022389260104,base
h_NQ_15,75.3641941474902,base
h_NQ_16,73.8569102645404,base
h_NQ_17,72.3797720592496,base
lamda_NQ_1,4.78699017692332,base
lamda_NQ_2,4.51509759547321,base
lamda_NQ_3,4.25954421755951,base
lamda_NQ_4,4.01931817801112,base
lamda_NQ_5,3.79347158323823,base
lamda_NQ_6,3.58111640994656,base
lamda_NQ_7,3.38142066945326,base
lamda_NQ_8,3.19360482028193,base
lamda_NQ_9,3.01693841284939,base
lamda_NQ_10,2.85073695111817,base
lamda_NQ_11,2.69435895707989,base
lamda_NQ_12,2.54720322486023,base
lamda_NQ_13,2.4087062521019,base
lamda_NQ_14,2.2783398370897,base
lamda_NQ_15,2.15560883083713,base
lamda_NQ_16,2.04004903405946,base
lamda_NQ_17,1.93122522961696,base
pen_NQ_10,0.116934184333396,base
pen_NQ_11,0.116934184333396,base
pen_NQ_12,0.116934184333396,base
pen_NQ_13,0.116934184333396,base
pen_NQ_14,0.116934184333396,base
pen_NQ_15,0.116934184333396,base
pen_NQ_16,0.116934184333396,base
pen_NQ_17,0.116934184333396,base
P_NQ_1,0.461418850793668,base
P_NQ_2,0.456710495173324,base
P_NQ_3,0.451955075606755,base
P_NQ_4,0.4471531321605,base
P_NQ_5,0.44230525089625,base
P_NQ_6,0.4374120649837,base
P_NQ_7,0.432474255792892,base
P_NQ_8,0.427492553962565,base
P_NQ_9,0.422467740440872,base
P_NQ_10,0.417400647494661,base
P_NQ_11,0.41229215968334,base
P_NQ_12,0.407143214793181,base
P_NQ_13,0.401954804727758,base
P_NQ_14,0.39672797635005,base
P_NQ_15,0.391463832271581,base
P_NQ_16,0.386163531583813,base
P_NQ_17,0.380828290526855,base
welf_NQ_1,-19.840286971372,base
welf_NQ_2,-18.4734208351803,base
welf_NQ_3,-17.1068046131647,base
welf_NQ_4,-15.7458800336777,base
welf_NQ_5,-14.3923971600266,base
welf_NQ_6,-13.0469823191501,base
welf_NQ_7,-11.7097557002299,base
welf_NQ_8,-10.380553792851,base
welf_NQ_9,-9.05902784238405,base
welf_NQ_10,-7.74469311109847,base
welf_NQ_11,-6.72233172120352,base
welf_NQ_12,-5.71561963801813,base
welf_NQ_13,-4.72449994909044,base
welf_NQ_14,-3.74890486716224,base
welf_NQ_15,-2.78875514023572,base
welf_NQ_16,-1.84395941955974,base
welf_NQ_17,-0.91441358164233,base
L_NQ,2.98015765702666,base
MPL_NQ,0.596839592003601,base
penind_NQ,0.341927962064947,base
pi_NQ,0.461418850793668,base
Kmig,0,base
y1,6.85455510548678,base
cCheck,1.86190129980446e-08,base
y,6.85455512410579,base
c,5.55984940095716,base
I,0.236937547773028,base
g,0.891092166133753,base
r,0.153578771723799,base
kbar,11.8468773886514,base
nbar,5.42175820194389,base
Ptot,15.546317331646,base
Pret,6.92207189181243,base
Tw,0.928973902235573,base
Deped,0.166675990622841,base
rd,0.153578771723799,base
H,797.736164317796,base
R,0.173578771723799,base
beq,0.0120669586955529,base
Tc,0.685455512410579,base
Tk,0.685455512410579,base
penbase,3.95550491979094,base
retire,0.959637717374811,base
Def,-0.315814251049895,base
D,2.05636653723174,base
lambc,3.85811492063323,base
Defratio,-0.0460736321076846,base
Dratio,0.3,base
Gratio,0.13,base
Penratio,0.14,base
Edratio,0.0194528733205961,base
Tkratio,0.1,base
Tcratio,0.1,base
Twratio,0.135526505428281,base
rhop,0.341984857361941,base
tauw,-0.0886274539844294,base
tauk,0.321019878322348,base
tauc,0.12328670518032,base
v,0.8,base
A,1,base
tauf,0.35,base
xpop,1,base
lambb,50,base
lambbb,-50,base
A_Q,2,base
h_Q_1,100,base
mig_Q_2,0,base
med_Q_2,0,base
mig_Q_3,0,base
med_Q_3,0,base
mig_Q_4,0,base
med_Q_4,0,base
mig_Q_5,0,base
med_Q_5,0,base
mig_Q_6,0,base
med_Q_6,0,base
mig_Q_7,0,base
med_Q_7,0,base
mig_Q_8,0,base
med_Q_8,0,base
mig_Q_9,0,base
med_Q_9,0,base
mig_Q_10,0,base
med_Q_10,0,base
mig_Q_11,0,base
med_Q_11,0,base
mig_Q_12,0,base
med_Q_12,0,base
mig_Q_13,0,base
med_Q_13,0,base
mig_Q_14,0,base
med_Q_14,0,base
mig_Q_15,0,base
med_Q_15,0,base
mig_Q_16,0,base
med_Q_16,0,base
mig_Q_17,0,base
med_Q_17,0,base
h_NQ_1,100,base
mig_NQ_2,0,base
med_NQ_2,0,base
mig_NQ_3,0,base
med_NQ_3,0,base
mig_NQ_4,0,base
med_NQ_4,0,base
mig_NQ_5,0,base
med_NQ_5,0,base
mig_NQ_6,0,base
med_NQ_6,0,base
mig_NQ_7,0,base
med_NQ_7,0,base
mig_NQ_8,0,base
med_NQ_8,0,base
mig_NQ_9,0,base
med_NQ_9,0,base
mig_NQ_10,0,base
med_NQ_10,0,base
mig_NQ_11,0,base
med_NQ_11,0,base
mig_NQ_12,0,base
med_NQ_12,0,base
mig_NQ_13,0,base
med_NQ_13,0,base
mig_NQ_14,0,base
med_NQ_14,0,base
mig_NQ_15,0,base
med_NQ_15,0,base
mig_NQ_16,0,base
med_NQ_16,0,base
mig_NQ_17,0,base
med_NQ_17,0,base
age,60,base
k_Q_1,0,55
k_Q_2,-0.339697195316876,55
k_Q_3,-0.0791879035507086,55
k_Q_4,0.212994016858006,55
k_Q_5,0.532314280308957,55
k_Q_6,0.876891821925448,55
k_Q_7,1.24603183981215,55
k_Q_8,1.63969296503253,55
k_Q_9,2.05825116494021,55
k_Q_10,1.97205271692601,55
k_Q_11,1.85895279925952,55
k_Q_12,1.71573348090119,55
k_Q_13,1.53886065962671,55
k_Q_14,1.3244551497301,55
k_Q_15,1.06826118646807,55
k_Q_16,0.765612116255072,55
k_Q_17,0.411393020728517,55
c_Q_1,0.255397004482457,55
c_Q_2,0.267602444569939,55
c_Q_3,0.28033219100276,55
c_Q_4,0.293604426729181,55
c_Q_5,0.307437638781444,55
c_Q_6,0.321850595725542,55
c_Q_7,0.336862322184885,55
c_Q_8,0.352492070267308,55
c_Q_9,0.368759287718938,55
c_Q_10,0.385683582612047,55
c_Q_11,0.403284684411412,55
c_Q_12,0.421582401178528,55
c_Q_13,0.440596572774822,55
c_Q_14,0.460347019846601,55
c_Q_15,0.48085348841309,55
c_Q_16,0.502135589873556,55
c_Q_17,0.524212736254742,55
lab_Q_1,0,55
lab_Q_2,0.909433502944859,55
lab_Q_3,0.909708695541256,55
lab_Q_4,0.909347064143469,55
lab_Q_5,0.908675391689002,55
lab_Q_6,0.907834099286414,55
lab_Q_7,0.90689736208995,55
lab_Q_8,0.905910047222073,55
w_Q_1,0,55
w_Q_2,0.583573112760594,55
w_Q_3,0.605701166481267,55
w_Q_4,0.621401270451716,55
w_Q_5,0.633579217190318,55
w_Q_6,0.643529324172389,55
w_Q_7,0.651942019756014,55
w_Q_8,0.659229428142838,55
beta_Q_2,0.989795918367347,55
beta_Q_3,0.989587671803415,55
beta_Q_4,0.989375175309607,55
beta_Q_5,0.989158342152661,55
beta_Q_6,0.988937083829246,55
beta_Q_7,0.988711310029842,55
beta_Q_8,0.98848092860188,55
beta_Q_9,0.988245845512122,55
beta_Q_10,0.988005964808288,55
beta_Q_11,0.987761188579886,55
beta_Q_12,0.987511416918251,55
beta_Q_13,0.987256547875766,55
beta_Q_14,0.986996477424251,55
beta_Q_15,0.986731099412501,55
beta_Q_16,0.986460305522961,55
beta_Q_17,0.986183985227511,55
h_Q_2,98,55
h_Q_3,96.04,55
h_Q_4,94.1192,55
h_Q_5,92.236816,55
h_Q_6,90.39207968,55
h_Q_7,88.5842380864,55
h_Q_8,86.812553324672,55
h_Q_9,85.0763022581786,55
h_Q_10,83.374776213015,55
h_Q_11,81.7072806887547,55
h_Q_12,80.0731350749796,55
h_Q_13,78.47167237348,55
h_Q_14,76.9022389260104,55
h_Q_15,75.3641941474902,55
h_Q_16,73.8569102645404,55
h_Q_17,72.3797720592496,55
lamda_Q_1,3.48243899119821,55
lamda_Q_2,3.32360374372171,55
lamda_Q_3,3.17268053802129,55
lamda_Q_4,3.02926116101011,55
lamda_Q_5,2.89295900835677,55
lamda_Q_6,2.76340792421239,55
lamda_Q_7,2.64026110393125,55
lamda_Q_8,2.52319005634468,55
lamda_Q_9,2.41188362233729,55
lamda_Q_10,2.30604704665248,55
lamda_Q_11,2.20540110002344,55
lamda_Q_12,2.10968124888486,55
lamda_Q_13,2.01863687007141,55
lamda_Q_14,1.93203050805126,55
lamda_Q_15,1.84963717237773,55
lamda_Q_16,1.77124367316901,55
lamda_Q_17,1.69664799254619,55
pen_Q_9,0.128482117483039,55
pen_Q_10,0.128482117483039,55
pen_Q_11,0.128482117483039,55
pen_Q_12,0.128482117483039,55
pen_Q_13,0.128482117483039,55
pen_Q_14,0.128482117483039,55
pen_Q_15,0.128482117483039,55
pen_Q_16,0.128482117483039,55
pen_Q_17,0.128482117483039,55
P_Q_1,0.538629161176234,55
P_Q_2,0.533132945245864,55
P_Q_3,0.527581790047552,55
P_Q_4,0.521976326018453,55
P_Q_5,0.51631723728735,55
P_Q_6,0.510605262973725,55
P_Q_7,0.504841198462884,55
P_Q_8,0.499025896653077,55
P_Q_9,0.493160269170365,55
P_Q_10,0.487245287546782,55
P_Q_11,0.481281984357157,55
P_Q_12,0.475271454309764,55
P_Q_13,0.469214855285753,55
P_Q_14,0.463113409322168,55
P_Q_15,0.456968403533134,55
P_Q_16,0.450781190963635,55
P_Q_17,0.444553191370121,55
welf_Q_1,-20.5217217808299,55
welf_Q_2,-15.7836031534105,55
welf_Q_3,-14.5850035029884,55
welf_Q_4,-13.3868830371052,55
welf_Q_5,-12.1902846548795,55
welf_Q_6,-10.9953850396493,55
welf_Q_7,-9.80195690286564,55
welf_Q_8,-8.60953567436049,55
welf_Q_9,-7.41749274582542,55
welf_Q_10,-6.55269799261338,55
welf_Q_11,-5.69856846018793,55
welf_Q_12,-4.85491545491447,55
welf_Q_13,-4.0215321502199,55
welf_Q_14,-3.19819243457919,55
welf_Q_15,-2.38464967080693,55
welf_Q_16,-1.58063535864205,55
welf_Q_17,-0.785857691825538,55
L_Q,3.77587230550992,55
MPL_Q,0.736755689343788,55
penind_Q,0.486165942780341,55
pi_Q,0.538629161176234,55
k_NQ_1,0,55
k_NQ_2,0.113970507373979,55
k_NQ_3,0.261004640715058,55
k_NQ_4,0.429706005185379,55
k_NQ_5,0.615872068394231,55
k_NQ_6,0.817493774374711,55
k_NQ_7,1.03352104345813,55
k_NQ_8,1.26341191737157,55
k_NQ_9,1.5069305180882,55
k_NQ_10,1.4444266952849,55
k_NQ_11,1.36212018110727,55
k_NQ_12,1.25763873000532,55
k_NQ_13,1.12837693891485,55
k_NQ_14,0.971474926036313,55
k_NQ_15,0.783795104788004,55
k_NQ_16,0.561896882623948,55
k_NQ_17,0.302009099005102,55
c_NQ_1,0.189165383837694,55
c_NQ_2,0.198205610302985,55
c_NQ_3,0.207634175747516,55
c_NQ_4,0.217464547763272,55
c_NQ_5,0.227710419175807,55
c_NQ_6,0.238385691336517,55
c_NQ_7,0.24950445525081,55
c_NQ_8,0.261080970414362,55
c_NQ_9,0.273129641225291,55
c_NQ_10,0.285664990833051,55
c_NQ_11,0.298701632295458,55
c_NQ_12,0.312254236887226,55
c_NQ_13,0.326337499436256,55
c_NQ_14,0.340966100538406,55
c_NQ_15,0.356154665515326,55
c_NQ_16,0.371917719979274,55
c_NQ_17,0.388269641872608,55
lab_NQ_1,0.892340905224071,55
lab_NQ_2,0.896613346620949,55
lab_NQ_3,0.897894952016383,55
lab_NQ_4,0.898120693097894,55
lab_NQ_5,0.897833624528597,55
lab_NQ_6,0.897261145502613,55
lab_NQ_7,0.896520489486316,55
lab_NQ_8,0.895680787035391,55
w_NQ_1,0.322455492788601,55
w_NQ_2,0.354385366457528,55
w_NQ_3,0.373063145206614,55
w_NQ_4,0.386315240126455,55
w_NQ_5,0.396594363526686,55
w_NQ_6,0.404993018875541,55
w_NQ_7,0.41209398079374,55
w_NQ_8,0.418245113795381,55
beta_NQ_2,0.989795918367347,55
beta_NQ_3,0.989587671803415,55
beta_NQ_4,0.989375175309607,55
beta_NQ_5,0.989158342152661,55
beta_NQ_6,0.988937083829246,55
beta_NQ_7,0.988711310029842,55
beta_NQ_8,0.98848092860188,55
beta_NQ_9,0.988245845512122,55
beta_NQ_10,0.988005964808288,55
beta_NQ_11,0.987761188579886,55
beta_NQ_12,0.987511416918251,55
beta_NQ_13,0.987256547875766,55
beta_NQ_14,0.986996477424251,55
beta_NQ_15,0.986731099412501,55
beta_NQ_16,0.986460305522961,55
beta_NQ_17,0.986183985227511,55
h_NQ_2,98,55
h_NQ_3,96.04,55
h_NQ_4,94.1192,55
h_NQ_5,92.236816,55
h_NQ_6,90.39207968,55
h_NQ_7,88.5842380864,55
h_NQ_8,86.812553324672,55
h_NQ_9,85.0763022581786,55
h_NQ_10,83.374776213015,55
h_NQ_11,81.7072806887547,55
h_NQ_12,80.0731350749796,55
h_NQ_13,78.47167237348,55
h_NQ_14,76.9022389260104,55
h_NQ_15,75.3641941474902,55
h_NQ_16,73.8569102645404,55
h_NQ_17,72.3797720592496,55
lamda_NQ_1,4.70172961138636,55
lamda_NQ_2,4.48728209680397,55
lamda_NQ_3,4.28351683141241,55
lamda_NQ_4,4.08988267632253,55
lamda_NQ_5,3.90585766717646,55
lamda_NQ_6,3.73094744763361,55
lamda_NQ_7,3.56468378790572,55
lamda_NQ_8,3.40662318369655,55
lamda_NQ_9,3.25634553115655,55
lamda_NQ_10,3.11345287370386,55
lamda_NQ_11,2.97756821679102,55
lamda_NQ_12,2.84833440691157,55
lamda_NQ_13,2.72541307134445,55
lamda_NQ_14,2.60848361532612,55
lamda_NQ_15,2.49724227352209,55
lamda_NQ_16,2.39140121284109,55
lamda_NQ_17,2.29068768379767,55
pen_NQ_9,0.0950089676038475,55
pen_NQ_10,0.0950089676038475,55
pen_NQ_11,0.0950089676038475,55
pen_NQ_12,0.0950089676038475,55
pen_NQ_13,0.0950089676038475,55
pen_NQ_14,0.0950089676038475,55
pen_NQ_15,0.0950089676038475,55
pen_NQ_16,0.0950089676038475,55
pen_NQ_17,0.0950089676038475,55
P_NQ_1,0.461370838823766,55
P_NQ_2,0.456662973121483,55
P_NQ_3,0.451908048370114,55
P_NQ_4,0.447106604580004,55
P_NQ_5,0.442259227751862,55
P_NQ_6,0.4373665509895,55
P_NQ_7,0.432429255592063,55
P_NQ_8,0.427448072122262,55
P_NQ_9,0.422423781446991,55
P_NQ_10,0.4173572157465,55
P_NQ_11,0.412249259488155,55
P_NQ_12,0.407100850360648,55
P_NQ_13,0.401912980164342,55
P_NQ_14,0.396686695653288,55
P_NQ_15,0.391423099324282,55
P_NQ_16,0.386123350148175,55
P_NQ_17,0.380788664238525,55
welf_NQ_1,-20.5217217808299,55
welf_NQ_2,-19.1957802577202,55
welf_NQ_3,-17.8580287235034,55
welf_NQ_4,-16.5135148033456,55
welf_NQ_5,-15.1635514200621,55
welf_NQ_6,-13.8082970846765,55
welf_NQ_7,-12.447374134384,55
welf_NQ_8,-11.080089700974,55
welf_NQ_9,-9.70553202231189,55
welf_NQ_10,-8.62689739558469,55
welf_NQ_11,-7.55009687174514,55
welf_NQ_12,-6.47445134481251,55
welf_NQ_13,-5.39923142829323,55
welf_NQ_14,-4.32365393725468,55
welf_NQ_15,-3.2468780888785,55
welf_NQ_16,-2.16800139622126,55
welf_NQ_17,-1.08605522743883,55
L_NQ,2.64986216351772,55
MPL_NQ,0.621878450378017,55
penind_NQ,0.359506250461803,55
pi_NQ,0.461370838823766,55
Kmig,0,55
y1,6.3282679704011,55
cCheck,1.37463374016988e-11,55
y,6.32826797041484,55
c,5.08916659892722,55
I,0.242742603722492,55
g,0.82267483615393,55
r,0.136419216233576,55
kbar,12.1371301861246,55
nbar,4.78708910548314,55
Ptot,15.546317331646,55
Pret,7.83765594242978,55
Tw,0.840915110201596,55
Deped,0.173683931597456,55
rd,0.136419216233576,55
H,719.841658884706,55
R,0.156419216233576,55
beq,0.011948969712211,55
Tc,0.632826797041484,55
Tk,0.632826797041484,55
penbase,3.64384759971493,55
retire,0.885957515858078,55
Def,-0.258989206994592,55
D,1.89848039112445,55
lambc,3.86291611762338,55
Defratio,-0.0409257648704807,55
Dratio,0.3,55
Gratio,0.13,55
Penratio,0.14,55
Edratio,0.0219565836857026,55
Tkratio,0.1,55
Tcratio,0.1,55
Twratio,0.132882348556183,55
rhop,0.264276260791958,55
tauw,-0.093726899213584,55
tauk,0.330504974813047,55
tauc,0.12434782488254,55
v,0.8,55
A,1,55
tauf,0.35,55
xpop,1,55
lambb,50,55
lambbb,-50,55
A_Q,2,55
h_Q_1,100,55
mig_Q_2,0,55
med_Q_2,0,55
mig_Q_3,0,55
med_Q_3,0,55
mig_Q_4,0,55
med_Q_4,0,55
mig_Q_5,0,55
med_Q_5,0,55
mig_Q_6,0,55
med_Q_6,0,55
mig_Q_7,0,55
med_Q_7,0,55
mig_Q_8,0,55
med_Q_8,0,55
mig_Q_9,0,55
med_Q_9,0,55
mig_Q_10,0,55
med_Q_10,0,55
mig_Q_11,0,55
med_Q_11,0,55
mig_Q_12,0,55
med_Q_12,0,55
mig_Q_13,0,55
med_Q_13,0,55
mig_Q_14,0,55
med_Q_14,0,55
mig_Q_15,0,55
med_Q_15,0,55
mig_Q_16,0,55
med_Q_16,0,55
mig_Q_17,0,55
med_Q_17,0,55
h_NQ_1,100,55
mig_NQ_2,0,55
med_NQ_2,0,55
mig_NQ_3,0,55
med_NQ_3,0,55
mig_NQ_4,0,55
med_NQ_4,0,55
mig_NQ_5,0,55
med_NQ_5,0,55
mig_NQ_6,0,55
med_NQ_6,0,55
mig_NQ_7,0,55
med_NQ_7,0,55
mig_NQ_8,0,55
med_NQ_8,0,55
mig_NQ_9,0,55
med_NQ_9,0,55
mig_NQ_10,0,55
med_NQ_10,0,55
mig_NQ_11,0,55
med_NQ_11,0,55
mig_NQ_12,0,55
med_NQ_12,0,55
mig_NQ_13,0,55
med_NQ_13,0,55
mig_NQ_14,0,55
med_NQ_14,0,55
mig_NQ_15,0,55
med_NQ_15,0,55
mig_NQ_16,0,55
med_NQ_16,0,55
mig_NQ_17,0,55
med_NQ_17,0,55
age,55,55
k_Q_1,0,65
k_Q_2,-0.317499090356211,65
k_Q_3,-0.111733324865184,65
k_Q_4,0.116202139145548,65
k_Q_5,0.361255824975529,65
k_Q_6,0.620474964019864,65
k_Q_7,0.891705752256085,65
k_Q_8,1.1731037927216,65
k_Q_9,1.46289813022596,65
k_Q_10,1.75925352232534,65
k_Q_11,2.06017544662471,65
k_Q_12,1.96462364438555,65
k_Q_13,1.81907789362566,65
k_Q_14,1.61503668817875,65
k_Q_15,1.34283553001611,65
k_Q_16,0.991501309891738,65
k_Q_17,0.548589200352477,65
c_Q_1,0.2406663287268,65
c_Q_2,0.258380233222892,65
c_Q_3,0.277339581881143,65
c_Q_4,0.297626200339119,65
c_Q_5,0.319326728936734,65
c_Q_6,0.342532850928555,65
c_Q_7,0.367341525918882,65
c_Q_8,0.393855227988118,65
c_Q_9,0.422182187882712,65
c_Q_10,0.452436638535932,65
c_Q_11,0.484739063073,65
c_Q_12,0.519216444328494,65
c_Q_13,0.556002514773291,65
c_Q_14,0.595238005599915,65
c_Q_15,0.637070893563313,65
c_Q_16,0.681656644006268,65
c_Q_17,0.729158448321857,65
lab_Q_1,0,65
lab_Q_2,0.90434363353569,65
lab_Q_3,0.903273797957187,65
lab_Q_4,0.901539228114878,65
lab_Q_5,0.899476314017134,65
lab_Q_6,0.897233668489771,65
lab_Q_7,0.89489385107005,65
lab_Q_8,0.892510608717414,65
lab_Q_9,0.890123259027503,65
lab_Q_10,0.887763095748859,65
w_Q_1,0,65
w_Q_2,0.532775733295098,65
w_Q_3,0.552977640801864,65
w_Q_4,0.567311122284751,65
w_Q_5,0.578429034268384,65
w_Q_6,0.587513029791517,65
w_Q_7,0.595193438570722,65
w_Q_8,0.601846511274405,65
w_Q_9,0.607714937298283,65
w_Q_10,0.612964423258038,65
beta_Q_2,0.989795918367347,65
beta_Q_3,0.989587671803415,65
beta_Q_4,0.989375175309607,65
beta_Q_5,0.989158342152661,65
beta_Q_6,0.988937083829246,65
beta_Q_7,0.988711310029842,65
beta_Q_8,0.98848092860188,65
beta_Q_9,0.988245845512122,65
beta_Q_10,0.988005964808288,65
beta_Q_11,0.987761188579886,65
beta_Q_12,0.987511416918251,65
beta_Q_13,0.987256547875766,65
beta_Q_14,0.986996477424251,65
beta_Q_15,0.986731099412501,65
beta_Q_16,0.986460305522961,65
beta_Q_17,0.986183985227511,65
h_Q_2,98,65
h_Q_3,96.04,65
h_Q_4,94.1192,65
h_Q_5,92.236816,65
h_Q_6,90.39207968,65
h_Q_7,88.5842380864,65
h_Q_8,86.812553324672,65
h_Q_9,85.0763022581786,65
h_Q_10,83.374776213015,65
h_Q_11,81.7072806887547,65
h_Q_12,80.0731350749796,65
h_Q_13,78.47167237348,65
h_Q_14,76.9022389260104,65
h_Q_15,75.3641941474902,65
h_Q_16,73.8569102645404,65
h_Q_17,72.3797720592496,65
lamda_Q_1,3.70195026561895,65
lamda_Q_2,3.44815378655555,65
lamda_Q_3,3.21243283601434,65
lamda_Q_4,2.99346891687812,65
lamda_Q_5,2.79004135523395,65
lamda_Q_6,2.60101995224821,65
lamda_Q_7,2.42535819313362,65
lamda_Q_8,2.26208697067741,65
lamda_Q_9,2.11030878406455,65
lamda_Q_10,1.96919237674201,65
lamda_Q_11,1.83796777985102,65
lamda_Q_12,1.71592173032057,65
lamda_Q_13,1.60239343508412,65
lamda_Q_14,1.49677065506795,65
lamda_Q_15,1.39848608461794,65
lamda_Q_16,1.30701400389431,65
lamda_Q_17,1.22186718348347,65
pen_Q_11,0.192913451648437,65
pen_Q_12,0.192913451648437,65
pen_Q_13,0.192913451648437,65
pen_Q_14,0.192913451648437,65
pen_Q_15,0.192913451648437,65
pen_Q_16,0.192913451648437,65
pen_Q_17,0.192913451648437,65
P_Q_1,0.538315048766077,65
P_Q_2,0.532822038064383,65
P_Q_3,0.527274120133683,65
P_Q_4,0.521671925043482,65
P_Q_5,0.516016136523597,65
P_Q_6,0.51030749326248,65
P_Q_7,0.504546790181592,65
P_Q_8,0.498734879681798,65
P_Q_9,0.492872672857525,65
P_Q_10,0.486961140674239,65
P_Q_11,0.481001315104603,65
P_Q_12,0.474994290218489,65
P_Q_13,0.468941223221805,65
P_Q_14,0.462843335438941,65
P_Q_15,0.456701913233415,65
P_Q_16,0.450518308861156,65
P_Q_17,0.444293941250653,65
welf_Q_1,-19.3828054461162,65
welf_Q_2,-14.5681981101522,65
welf_Q_3,-13.2953595336069,65
welf_Q_4,-12.0483187705046,65
welf_Q_5,-10.8289875647291,65
welf_Q_6,-9.63846761664711,65
welf_Q_7,-8.47751486273339,65
welf_Q_8,-7.34671019739516,65
welf_Q_9,-6.24653745787598,65
welf_Q_10,-5.17742454738456,65
welf_Q_11,-4.13976759969576,65
welf_Q_12,-3.41963740792808,65
welf_Q_13,-2.74028456795217,65
welf_Q_14,-2.10291447751763,65
welf_Q_15,-1.50880422848032,65
welf_Q_16,-0.959308216194697,65
welf_Q_17,-0.455864220354137,65
L_Q,4.80213182629341,65
MPL_Q,0.67262446481235,65
penind_Q,0.435559452995454,65
pi_Q,0.538315048766077,65
k_NQ_1,0,65
k_NQ_2,0.0974849365239492,65
k_NQ_3,0.221052230376089,65
k_NQ_4,0.359983956711551,65
k_NQ_5,0.509748624412208,65
k_NQ_6,0.667573843198847,65
k_NQ_7,0.83134297530347,65
k_NQ_8,0.999178036564425,65
k_NQ_9,1.16923734484388,65
k_NQ_10,1.33959624012873,65
k_NQ_11,1.50816380627151,65
k_NQ_12,1.43923100899974,65
k_NQ_13,1.33346166722381,65
k_NQ_14,1.18458005045445,65
k_NQ_15,0.985451425040922,65
k_NQ_16,0.727974475574558,65
k_NQ_17,0.402960806330263,65
c_NQ_1,0.178409780129575,65
c_NQ_2,0.191541379481624,65
c_NQ_3,0.205596246414511,65
c_NQ_4,0.220635039575816,65
c_NQ_5,0.236721986828604,65
c_NQ_6,0.253925054428822,65
c_NQ_7,0.272316120074446,65
c_NQ_8,0.291971149432342,65
c_NQ_9,0.312970375677537,65
c_NQ_10,0.335398481501708,65
c_NQ_11,0.359344782963192,65
c_NQ_12,0.384903414458488,65
c_NQ_13,0.412173513996804,65
c_NQ_14,0.441259407851145,65
c_NQ_15,0.472270793545269,65
c_NQ_16,0.505322920012296,65
c_NQ_17,0.540536763629407,65
lab_NQ_1,0.888566790338797,65
lab_NQ_2,0.891423925246826,65
lab_NQ_3,0.891240106991153,65
lab_NQ_4,0.889975173066891,65
lab_NQ_5,0.88818194782279,65
lab_NQ_6,0.886096085146745,65
lab_NQ_7,0.88384341019048,65
lab_NQ_8,0.881502277169054,65
lab_NQ_9,0.879127405709233,65
lab_NQ_10,0.876760455373542,65
w_NQ_1,0.297174385903963,65
w_NQ_2,0.326600898435958,65
w_NQ_3,0.343814304794176,65
w_NQ_4,0.356027410967953,65
w_NQ_5,0.365500632086557,65
w_NQ_6,0.373240817326171,65
w_NQ_7,0.379785050699648,65
w_NQ_8,0.385453923499948,65
w_NQ_9,0.390454223684389,65
w_NQ_10,0.394927144618552,65
beta_NQ_2,0.989795918367347,65
beta_NQ_3,0.989587671803415,65
beta_NQ_4,0.989375175309607,65
beta_NQ_5,0.989158342152661,65
beta_NQ_6,0.988937083829246,65
beta_NQ_7,0.988711310029842,65
beta_NQ_8,0.98848092860188,65
beta_NQ_9,0.988245845512122,65
beta_NQ_10,0.988005964808288,65
beta_NQ_11,0.987761188579886,65
beta_NQ_12,0.987511416918251,65
beta_NQ_13,0.987256547875766,65
beta_NQ_14,0.986996477424251,65
beta_NQ_15,0.986731099412501,65
beta_NQ_16,0.986460305522961,65
beta_NQ_17,0.986183985227511,65
h_NQ_2,98,65
h_NQ_3,96.04,65
h_NQ_4,94.1192,65
h_NQ_5,92.236816,65
h_NQ_6,90.39207968,65
h_NQ_7,88.5842380864,65
h_NQ_8,86.812553324672,65
h_NQ_9,85.0763022581786,65
h_NQ_10,83.374776213015,65
h_NQ_11,81.7072806887547,65
h_NQ_12,80.0731350749796,65
h_NQ_13,78.47167237348,65
h_NQ_14,76.9022389260104,65
h_NQ_15,75.3641941474902,65
h_NQ_16,73.8569102645404,65
h_NQ_17,72.3797720592496,65
lamda_NQ_1,4.99375526897062,65
lamda_NQ_2,4.65139586011058,65
lamda_NQ_3,4.33341948163178,65
lamda_NQ_4,4.03804754347937,65
lamda_NQ_5,3.76363341445978,65
lamda_NQ_6,3.50865250996888,65
lamda_NQ_7,3.2716931312106,65
lamda_NQ_8,3.05144799853434,65
lamda_NQ_9,2.84670642592262,65
lamda_NQ_10,2.65634708772446,65
lamda_NQ_11,2.47933133248062,65
lamda_NQ_12,2.31469700214917,65
lamda_NQ_13,2.1615527182347,65
lamda_NQ_14,2.01907259927453,65
lamda_NQ_15,1.88649137685713,65
lamda_NQ_16,1.76309987986144,65
lamda_NQ_17,1.64824085892518,65
pen_NQ_11,0.14404566064504,65
pen_NQ_12,0.14404566064504,65
pen_NQ_13,0.14404566064504,65
pen_NQ_14,0.14404566064504,65
pen_NQ_15,0.14404566064504,65
pen_NQ_16,0.14404566064504,65
pen_NQ_17,0.14404566064504,65
P_NQ_1,0.461684951233923,65
P_NQ_2,0.456973880302964,65
P_NQ_3,0.452215718283983,65
P_NQ_4,0.447411005554976,65
P_NQ_5,0.442560328515615,65
P_NQ_6,0.437664320700745,65
P_NQ_7,0.432723663873355,65
P_NQ_8,0.427739089093541,65
P_NQ_9,0.422711377759832,65
P_NQ_10,0.417641362619043,65
P_NQ_11,0.412529928740709,65
P_NQ_12,0.407378014451923,65
P_NQ_13,0.402186612228289,65
P_NQ_14,0.396956769536515,65
P_NQ_15,0.391689589624,65
P_NQ_16,0.386386232250655,65
P_NQ_17,0.381047914357993,65
welf_NQ_1,-19.3828054461162,65
welf_NQ_2,-17.9561545753714,65
welf_NQ_3,-16.5419602868938,65
welf_NQ_4,-15.1460829178928,65
welf_NQ_5,-13.770708980965,65
welf_NQ_6,-12.4169239659141,65
welf_NQ_7,-11.0853335141341,65
welf_NQ_8,-9.77628886430883,65
welf_NQ_9,-8.48998814363314,65
welf_NQ_10,-7.22652847958768,65
welf_NQ_11,-5.9859354806098,65
welf_NQ_12,-5.03448443012641,65
welf_NQ_13,-4.11399514180204,65
welf_NQ_14,-3.22511755281354,65
welf_NQ_15,-2.36853632954972,65
welf_NQ_16,-1.54497371619578,65
welf_NQ_17,-0.755192626400011,65
L_NQ,3.30715992343514,65
MPL_NQ,0.573122029957642,65
penind_NQ,0.325225890785807,65
pi_NQ,0.461684951233923,65
Kmig,0,65
y1,7.32205365474459,65
cCheck,1.93587368357839e-11,65
y,7.32205365476395,65
c,5.98125803340562,65
I,0.228955202179735,65
g,0.951866975119313,65
r,0.171881737167656,65
kbar,11.4477601089867,65
nbar,6.04578225242669,65
Ptot,15.546317331646,65
Pret,6.01746938851915,65
Tw,1.01808070161082,65
Deped,0.159973444039923,65
rd,0.171881737167656,65
H,873.157195591606,65
R,0.191881737167655,65
beq,0.0120636730029977,65
Tc,0.732205365476395,65
Tk,0.732205365476395,65
penbase,4.22737664914897,65
retire,1.02508751166695,65
Def,-0.37755819054541,65
D,2.19661609642918,65
lambc,3.83150487660773,65
Defratio,-0.051564521150396,65
Dratio,0.3,65
Gratio,0.13,65
Penratio,0.14,65
Edratio,0.0174785328360263,65
Tkratio,0.1,65
Tcratio,0.1,65
Twratio,0.139043053986422,65
rhop,0.442909573703632,65
tauw,-0.0818455387402826,65
tauk,0.312211925202327,65
tauc,0.1224166155995,65
v,0.8,65
A,1,65
tauf,0.35,65
xpop,1,65
lambb,50,65
lambbb,-50,65
A_Q,2,65
h_Q_1,100,65
mig_Q_2,0,65
med_Q_2,0,65
mig_Q_3,0,65
med_Q_3,0,65
mig_Q_4,0,65
med_Q_4,0,65
mig_Q_5,0,65
med_Q_5,0,65
mig_Q_6,0,65
med_Q_6,0,65
mig_Q_7,0,65
med_Q_7,0,65
mig_Q_8,0,65
med_Q_8,0,65
mig_Q_9,0,65
med_Q_9,0,65
mig_Q_10,0,65
med_Q_10,0,65
mig_Q_11,0,65
med_Q_11,0,65
mig_Q_12,0,65
med_Q_12,0,65
mig_Q_13,0,65
med_Q_13,0,65
mig_Q_14,0,65
med_Q_14,0,65
mig_Q_15,0,65
med_Q_15,0,65
mig_Q_16,0,65
med_Q_16,0,65
mig_Q_17,0,65
med_Q_17,0,65
h_NQ_1,100,65
mig_NQ_2,0,65
med_NQ_2,0,65
mig_NQ_3,0,65
med_NQ_3,0,65
mig_NQ_4,0,65
med_NQ_4,0,65
mig_NQ_5,0,65
med_NQ_5,0,65
mig_NQ_6,0,65
med_NQ_6,0,65
mig_NQ_7,0,65
med_NQ_7,0,65
mig_NQ_8,0,65
med_NQ_8,0,65
mig_NQ_9,0,65
med_NQ_9,0,65
mig_NQ_10,0,65
med_NQ_10,0,65
mig_NQ_11,0,65
med_NQ_11,0,65
mig_NQ_12,0,65
med_NQ_12,0,65
mig_NQ_13,0,65
med_NQ_13,0,65
mig_NQ_14,0,65
med_NQ_14,0,65
mig_NQ_15,0,65
med_NQ_15,0,65
mig_NQ_16,0,65
med_NQ_16,0,65
mig_NQ_17,0,65
med_NQ_17,0,65
age,65,65
k_Q_1,0,70
k_Q_2,-0.298991683327737,70
k_Q_3,-0.106639552928057,70
k_Q_4,0.104883698932737,70
k_Q_5,0.330167482834804,70
k_Q_6,0.565584255536901,70
k_Q_7,0.808044621830614,70
k_Q_8,1.05450524132588,70
k_Q_9,1.3017076360003,70
k_Q_10,1.54600183031404,70
k_Q_11,1.78320204929932,70
k_Q_12,2.00845146208597,70
k_Q_13,1.89534258378514,70
k_Q_14,1.71372746977321,70
k_Q_15,1.45017399807684,70
k_Q_16,1.08913667611285,70
k_Q_17,0.612653295495605,70
c_Q_1,0.22627030342049,70
c_Q_2,0.246080260941137,70
c_Q_3,0.267568273080715,70
c_Q_4,0.290870170424929,70
c_Q_5,0.316132076306924,70
c_Q_6,0.343511109007998,70
c_Q_7,0.373176123236411,70
c_Q_8,0.405308492077137,70
c_Q_9,0.440102930520302,70
c_Q_10,0.477768361526023,70
c_Q_11,0.51852882573587,70
c_Q_12,0.562624434883421,70
c_Q_13,0.610312370086216,70
c_Q_14,0.661867925132018,70
c_Q_15,0.7175855943004,70
c_Q_16,0.777780204903451,70
c_Q_17,0.842788093663191,70
lab_Q_1,0,70
lab_Q_2,0.903424333298171,70
lab_Q_3,0.901547884391271,70
lab_Q_4,0.898985190218827,70
lab_Q_5,0.896071775323294,70
lab_Q_6,0.892959081596334,70
lab_Q_7,0.889734532719616,70
lab_Q_8,0.886458150446588,70
lab_Q_9,0.883176594496235,70
lab_Q_10,0.879929317727122,70
lab_Q_11,0.876751383799728,70
w_Q_1,0,70
w_Q_2,0.51127337279797,70
w_Q_3,0.53065994906723,70
w_Q_4,0.544414943830917,70
w_Q_5,0.555084146655128,70
w_Q_6,0.563801520100178,70
w_Q_7,0.571171954329088,70
w_Q_8,0.577556514863864,70
w_Q_9,0.583188096369438,70
w_Q_10,0.588225717688075,70
w_Q_11,0.592782800487714,70
beta_Q_2,0.989795918367347,70
beta_Q_3,0.989587671803415,70
beta_Q_4,0.989375175309607,70
beta_Q_5,0.989158342152661,70
beta_Q_6,0.988937083829246,70
beta_Q_7,0.988711310029842,70
beta_Q_8,0.98848092860188,70
beta_Q_9,0.988245845512122,70
beta_Q_10,0.988005964808288,70
beta_Q_11,0.987761188579886,70
beta_Q_12,0.987511416918251,70
beta_Q_13,0.987256547875766,70
beta_Q_14,0.986996477424251,70
beta_Q_15,0.986731099412501,70
beta_Q_16,0.986460305522961,70
beta_Q_17,0.986183985227511,70
h_Q_2,98,70
h_Q_3,96.04,70
h_Q_4,94.1192,70
h_Q_5,92.236816,70
h_Q_6,90.39207968,70
h_Q_7,88.5842380864,70
h_Q_8,86.812553324672,70
h_Q_9,85.0763022581786,70
h_Q_10,83.374776213015,70
h_Q_11,81.7072806887547,70
h_Q_12,80.0731350749796,70
h_Q_13,78.47167237348,70
h_Q_14,76.9022389260104,70
h_Q_15,75.3641941474902,70
h_Q_16,73.8569102645404,70
h_Q_17,72.3797720592496,70
lamda_Q_1,3.93998531964323,70
lamda_Q_2,3.62280855695796,70
lamda_Q_3,3.33186616632084,70
lamda_Q_4,3.06494707184649,70
lamda_Q_5,2.8200291727197,70
lamda_Q_6,2.59526301888774,70
lamda_Q_7,2.38895690861972,70
lamda_Q_8,2.1995632832808,70
lamda_Q_9,2.02566630565255,70
lamda_Q_10,1.86597051814373,70
lamda_Q_11,1.71929048636195,70
lamda_Q_12,1.58454134183684,70
lamda_Q_13,1.46073014526964,70
lamda_Q_14,1.34694799859806,70
lamda_Q_15,1.24236284046898,70
lamda_Q_16,1.14621286545831,70
lamda_Q_17,1.05780051261672,70
pen_Q_12,0.239378011769143,70
pen_Q_13,0.239378011769143,70
pen_Q_14,0.239378011769143,70
pen_Q_15,0.239378011769143,70
pen_Q_16,0.239378011769143,70
pen_Q_17,0.239378011769143,70
P_Q_1,0.537868691247911,70
P_Q_2,0.53238023521477,70
P_Q_3,0.526836917480338,70
P_Q_4,0.521239367591683,70
P_Q_5,0.51558826871169,70
P_Q_6,0.509884358916308,70
P_Q_7,0.50412843246787,70
P_Q_8,0.49832134106045,70
P_Q_9,0.492463995033019,70
P_Q_10,0.486557364545942,70
P_Q_11,0.480602480716196,70
P_Q_12,0.474600436706478,70
P_Q_13,0.468552388763168,70
P_Q_14,0.462459557197965,70
P_Q_15,0.456323227307767,70
P_Q_16,0.450144750227243,70
P_Q_17,0.443925543708345,70
welf_Q_1,-19.0942481919021,70
welf_Q_2,-14.2498958718266,70
welf_Q_3,-12.9151978788974,70
welf_Q_4,-11.6189459685694,70
welf_Q_5,-10.3634687899792,70
welf_Q_6,-9.1503034191874,70
welf_Q_7,-7.9806653974375,70
welf_Q_8,-6.85562315384087,70
welf_Q_9,-5.77617907815473,70
welf_Q_10,-4.74331358858916,70
welf_Q_11,-3.75801228660292,70
welf_Q_12,-2.82128467462525,70
welf_Q_13,-2.19930688907068,70
welf_Q_14,-1.63520415504549,70
welf_Q_15,-1.1310018976921,70
welf_Q_16,-0.688851430376153,70
welf_Q_17,-0.311039724145504,70
L_Q,5.2972903023989,70
MPL_Q,0.64547793238278,70
penind_Q,0.413941254113364,70
pi_Q,0.537868691247911,70
k_NQ_1,0,70
k_NQ_2,0.0961209216095722,70
k_NQ_3,0.216155430370771,70
k_NQ_4,0.349657655730558,70
k_NQ_5,0.491871335780579,70
k_NQ_6,0.639551084926106,70
k_NQ_7,0.78990508932338,70
k_NQ_8,0.940177476910372,70
k_NQ_9,1.0874271219181,70
k_NQ_10,1.2283788084761,70
k_NQ_11,1.35930194368303,70
k_NQ_12,1.47589729211672,70
k_NQ_13,1.39386531669712,70
k_NQ_14,1.26117728335463,70
k_NQ_15,1.06788370310279,70
k_NQ_16,0.802468772871183,70
k_NQ_17,0.451625500839438,70
c_NQ_1,0.168213860719257,70
c_NQ_2,0.182940978586198,70
c_NQ_3,0.198915595698722,70
c_NQ_4,0.216238691269394,70
c_NQ_5,0.235018896325289,70
c_NQ_6,0.255373015745645,70
c_NQ_7,0.277426579495222,70
c_NQ_8,0.301314423944507,70
c_NQ_9,0.327181304100568,70
c_NQ_10,0.355182537480663,70
c_NQ_11,0.385484680316826,70
c_NQ_12,0.418266236461164,70
c_NQ_13,0.453718399527619,70
c_NQ_14,0.492045828387122,70
c_NQ_15,0.533467455962365,70
c_NQ_16,0.578217331161279,70
c_NQ_17,0.62654549341871,70
lab_NQ_1,0.888406994745717,70
lab_NQ_2,0.890362567967277,70
lab_NQ_3,0.889281403473355,70
lab_NQ_4,0.887102742768188,70
lab_NQ_5,0.88437602139638,70
lab_NQ_6,0.881338862650482,70
lab_NQ_7,0.878121771173988,70
lab_NQ_8,0.874809536251313,70
lab_NQ_9,0.871464580640676,70
lab_NQ_10,0.868137217474412,70
lab_NQ_11,0.86487042874881,70
w_NQ_1,0.285920097853689,70
w_NQ_2,0.314232199238362,70
w_NQ_3,0.330793716865011,70
w_NQ_4,0.342544300623034,70
w_NQ_5,0.35165876148406,70
w_NQ_6,0.359105818249683,70
w_NQ_7,0.365402215029744,70
w_NQ_8,0.370856402007707,70
w_NQ_9,0.375667335876332,70
w_NQ_10,0.379970862868732,70
w_NQ_11,0.38386387657389,70
beta_NQ_2,0.989795918367347,70
beta_NQ_3,0.989587671803415,70
beta_NQ_4,0.989375175309607,70
beta_NQ_5,0.989158342152661,70
beta_NQ_6,0.988937083829246,70
beta_NQ_7,0.988711310029842,70
beta_NQ_8,0.98848092860188,70
beta_NQ_9,0.988245845512122,70
beta_NQ_10,0.988005964808288,70
beta_NQ_11,0.987761188579886,70
beta_NQ_12,0.987511416918251,70
beta_NQ_13,0.987256547875766,70
beta_NQ_14,0.986996477424251,70
beta_NQ_15,0.986731099412501,70
beta_NQ_16,0.986460305522961,70
beta_NQ_17,0.986183985227511,70
h_NQ_2,98,70
h_NQ_3,96.04,70
h_NQ_4,94.1192,70
h_NQ_5,92.236816,70
h_NQ_6,90.39207968,70
h_NQ_7,88.5842380864,70
h_NQ_8,86.812553324672,70
h_NQ_9,85.0763022581786,70
h_NQ_10,83.374776213015,70
h_NQ_11,81.7072806887547,70
h_NQ_12,80.0731350749796,70
h_NQ_13,78.47167237348,70
h_NQ_14,76.9022389260104,70
h_NQ_15,75.3641941474902,70
h_NQ_16,73.8569102645404,70
h_NQ_17,72.3797720592496,70
lamda_NQ_1,5.29981103246914,70
lamda_NQ_2,4.87316555839991,70
lamda_NQ_3,4.48180884878967,70
lamda_NQ_4,4.12276670872898,70
lamda_NQ_5,3.79331914023234,70
lamda_NQ_6,3.49097838384557,70
lamda_NQ_7,3.21346887285606,70
lamda_NQ_8,2.95870893243145,70
lamda_NQ_9,2.72479407078753,70
lamda_NQ_10,2.50998172295398,70
lamda_NQ_11,2.31267731998339,70
lamda_NQ_12,2.13142156764008,70
lamda_NQ_13,1.96487882880744,70
lamda_NQ_14,1.81182651315266,70
lamda_NQ_15,1.67114538606718,70
lamda_NQ_16,1.54181071663084,70
lamda_NQ_17,1.42288419139628,70
pen_NQ_12,0.179221355806193,70
pen_NQ_13,0.179221355806193,70
pen_NQ_14,0.179221355806193,70
pen_NQ_15,0.179221355806193,70
pen_NQ_16,0.179221355806193,70
pen_NQ_17,0.179221355806193,70
P_NQ_1,0.462131308752089,70
P_NQ_2,0.457415683152578,70
P_NQ_3,0.452652920937328,70
P_NQ_4,0.447843563006775,70
P_NQ_5,0.442988196327522,70
P_NQ_6,0.438087455046917,70
P_NQ_7,0.433142021587077,70
P_NQ_8,0.428152627714889,70
P_NQ_9,0.423120055584337,70
P_NQ_10,0.41804513874734,70
P_NQ_11,0.412928763129116,70
P_NQ_12,0.407771867963934,70
P_NQ_13,0.402575446686926,70
P_NQ_14,0.397340547777491,70
P_NQ_15,0.392068275549649,70
P_NQ_16,0.386759790884567,70
P_NQ_17,0.381416311900301,70
welf_NQ_1,-19.0942481919021,70
welf_NQ_2,-17.5946265867883,70
welf_NQ_3,-16.1196176144679,70
welf_NQ_4,-14.6755114424369,70
welf_NQ_5,-13.2649216459594,70
welf_NQ_6,-11.8893768298423,70
welf_NQ_7,-10.549948750745,70
welf_NQ_8,-9.24748196615682,70
welf_NQ_9,-7.98269847120146,70
welf_NQ_10,-6.75625290365689,70
welf_NQ_11,-5.56876510175012,70
welf_NQ_12,-4.42084126464799,70
welf_NQ_13,-3.56001026881886,70
welf_NQ_14,-2.74678147431262,70
welf_NQ_15,-1.98259349027115,70
welf_NQ_16,-1.26897146450532,70
welf_NQ_17,-0.607533892087035,70
L_NQ,3.62932409439563,70
MPL_NQ,0.551417331574972,70
penind_NQ,0.30991615414056,70
pi_NQ,0.462131308752089,70
Kmig,0,70
y1,7.74365170757654,70
cCheck,9.20287135386388e-09,70
y,7.74365171677942,70
c,6.36275138604279,70
I,0.220438129517936,70
g,1.00667472318132,70
r,0.19077075011487,70
kbar,11.0219064758968,70
nbar,6.65642641061344,70
Ptot,15.546317331646,70
Pret,5.12393814467383,70
Tw,1.1082642695687,70
Deped,0.153787468834497,70
rd,0.19077075011487,70
H,946.165203736648,70
R,0.21077075011487,70
beq,0.0120003874418729,70
Tc,0.774365171677942,70
Tk,0.774365171677942,70
penbase,4.4679701757434,70
retire,1.08411124034912,70
Def,-0.443178674326539,70
D,2.32309551503382,70
lambc,3.78686912479114,70
Defratio,-0.0572312250777282,70
Dratio,0.3,70
Gratio,0.13,70
Penratio,0.14,70
Edratio,0.0158878497596952,70
Tkratio,0.1,70
Tcratio,0.1,70
Twratio,0.143119074837423,70
rhop,0.578289816717354,70
tauw,-0.0739846412875998,70
tauk,0.304169301175173,70
tauc,0.121702880545632,70
v,0.8,70
A,1,70
tauf,0.35,70
xpop,1,70
lambb,50,70
lambbb,-50,70
A_Q,2,70
h_Q_1,100,70
mig_Q_2,0,70
med_Q_2,0,70
mig_Q_3,0,70
med_Q_3,0,70
mig_Q_4,0,70
med_Q_4,0,70
mig_Q_5,0,70
med_Q_5,0,70
mig_Q_6,0,70
med_Q_6,0,70
mig_Q_7,0,70
med_Q_7,0,70
mig_Q_8,0,70
med_Q_8,0,70
mig_Q_9,0,70
med_Q_9,0,70
mig_Q_10,0,70
med_Q_10,0,70
mig_Q_11,0,70
med_Q_11,0,70
mig_Q_12,0,70
med_Q_12,0,70
mig_Q_13,0,70
med_Q_13,0,70
mig_Q_14,0,70
med_Q_14,0,70
mig_Q_15,0,70
med_Q_15,0,70
mig_Q_16,0,70
med_Q_16,0,70
mig_Q_17,0,70
med_Q_17,0,70
h_NQ_1,100,70
mig_NQ_2,0,70
med_NQ_2,0,70
mig_NQ_3,0,70
med_NQ_3,0,70
mig_NQ_4,0,70
med_NQ_4,0,70
mig_NQ_5,0,70
med_NQ_5,0,70
mig_NQ_6,0,70
med_NQ_6,0,70
mig_NQ_7,0,70
med_NQ_7,0,70
mig_NQ_8,0,70
med_NQ_8,0,70
mig_NQ_9,0,70
med_NQ_9,0,70
mig_NQ_10,0,70
med_NQ_10,0,70
mig_NQ_11,0,70
med_NQ_11,0,70
mig_NQ_12,0,70
med_NQ_12,0,70
mig_NQ_13,0,70
med_NQ_13,0,70
mig_NQ_14,0,70
med_NQ_14,0,70
mig_NQ_15,0,70
med_NQ_15,0,70
mig_NQ_16,0,70
med_NQ_16,0,70
mig_NQ_17,0,70
med_NQ_17,0,70
age,70,70
